zona,local_num,local,lat,lon,secao,Flávio Bolsonaro (PL),Lula (PT),Augusto Cury (AVANTE),Renan Santos (MISSÃO),Ronaldo Caiado (PSD),Zema (NOVO),Samara (UP),Hertz Dias (PSTU),Clariana Barão (DC),Edmilson Costa (PCB),Wilson Grassi (DEMOCRATA),Rui Costa Pimenta (PCO),votos_validos,pct_lula,pct_flavio,lula_2022_1t_pct,bolsonaro_2022_1t_pct
408,1139,E.E. PROFA. ETELVINA DE GÓES MARCUCCI,-23.62081,-46.73251,164,87,165,10,7,4,2,2,0,0,0,1,0,278,59.35,31.29,62.89,27.67
408,1139,E.E. PROFA. ETELVINA DE GÓES MARCUCCI,-23.62081,-46.73251,165,83,159,6,7,3,2,1,0,1,0,0,0,262,60.69,31.68,62.96,29.29
408,1139,E.E. PROFA. ETELVINA DE GÓES MARCUCCI,-23.62081,-46.73251,166,112,148,5,9,5,2,0,0,0,0,0,0,281,52.67,39.86,57.24,31.91
408,1139,E.E. PROFA. ETELVINA DE GÓES MARCUCCI,-23.62081,-46.73251,167,101,160,16,9,5,0,0,0,0,0,0,0,291,54.98,34.71,54.24,31.53
408,1139,E.E. PROFA. ETELVINA DE GÓES MARCUCCI,-23.62081,-46.73251,168,96,151,8,5,10,1,0,0,1,0,0,0,272,55.51,35.29,63.99,26.69
408,1139,E.E. PROFA. ETELVINA DE GÓES MARCUCCI,-23.62081,-46.73251,169,100,159,10,12,3,2,1,0,1,0,0,0,288,55.21,34.72,56.35,35.18
408,1139,E.E. PROFA. ETELVINA DE GÓES MARCUCCI,-23.62081,-46.73251,170,91,153,10,6,7,1,0,0,0,0,0,0,268,57.09,33.96,54.27,33.11
408,1139,E.E. PROFA. ETELVINA DE GÓES MARCUCCI,-23.62081,-46.73251,171,87,155,13,11,2,2,2,0,0,0,0,0,272,56.99,31.99,59.74,27.16
408,1139,E.E. PROFA. ETELVINA DE GÓES MARCUCCI,-23.62081,-46.73251,172,92,167,7,6,6,3,0,0,0,0,0,0,281,59.43,32.74,58.77,28.25
408,1139,E.E. PROFA. ETELVINA DE GÓES MARCUCCI,-23.62081,-46.73251,173,82,165,3,11,5,0,0,0,0,0,0,0,266,62.03,30.83,63.21,27.42
408,1139,E.E. PROFA. ETELVINA DE GÓES MARCUCCI,-23.62081,-46.73251,174,93,156,10,3,5,0,0,0,0,0,1,0,268,58.21,34.7,63.99,26.69
408,1139,E.E. PROFA. ETELVINA DE GÓES MARCUCCI,-23.62081,-46.73251,175,73,173,9,11,6,2,0,0,0,0,0,0,274,63.14,26.64,67.02,23.51
408,1139,E.E. PROFA. ETELVINA DE GÓES MARCUCCI,-23.62081,-46.73251,176,85,168,5,5,4,3,0,0,0,1,1,0,272,61.76,31.25,61.95,29.29
408,1139,E.E. PROFA. ETELVINA DE GÓES MARCUCCI,-23.62081,-46.73251,177,79,182,10,9,6,1,1,0,0,0,1,0,289,62.98,27.34,69.15,24.07
408,1139,E.E. PROFA. ETELVINA DE GÓES MARCUCCI,-23.62081,-46.73251,264,71,166,7,14,5,1,0,0,0,0,0,0,264,62.88,26.89,67.85,23.79
408,1139,E.E. PROFA. ETELVINA DE GÓES MARCUCCI,-23.62081,-46.73251,277,74,176,8,7,0,1,0,0,0,0,1,0,267,65.92,27.72,68.64,24.04
408,1139,E.E. PROFA. ETELVINA DE GÓES MARCUCCI,-23.62081,-46.73251,283,70,167,4,13,1,1,1,0,0,0,0,0,257,64.98,27.24,68.73,21.65
408,1139,E.E. PROFA. ETELVINA DE GÓES MARCUCCI,-23.62081,-46.73251,294,93,161,9,3,4,1,0,0,1,0,0,0,272,59.19,34.19,62.06,30.87
408,1201,E.E. MARIA ZILDA GAMBA NATEL,-23.62134,-46.73254,226,73,172,11,9,5,1,0,0,0,0,1,0,272,63.24,26.84,66.13,24.92
408,1201,E.E. MARIA ZILDA GAMBA NATEL,-23.62134,-46.73254,227,87,150,14,11,4,1,1,0,0,0,0,0,268,55.97,32.46,62.96,27.27
408,1201,E.E. MARIA ZILDA GAMBA NATEL,-23.62134,-46.73254,228,80,169,8,9,5,1,0,0,0,0,0,0,272,62.13,29.41,65.55,21.74
408,1201,E.E. MARIA ZILDA GAMBA NATEL,-23.62134,-46.73254,236,84,178,7,7,5,1,0,1,0,0,0,0,283,62.9,29.68,68.77,20.19
408,1201,E.E. MARIA ZILDA GAMBA NATEL,-23.62134,-46.73254,246,83,158,16,10,3,1,0,0,0,0,0,0,271,58.3,30.63,69.87,21.85
408,1201,E.E. MARIA ZILDA GAMBA NATEL,-23.62134,-46.73254,247,86,159,8,5,5,1,0,0,0,0,0,0,264,60.23,32.58,64.88,24.08
408,1201,E.E. MARIA ZILDA GAMBA NATEL,-23.62134,-46.73254,253,76,179,8,6,4,0,1,1,0,0,0,0,275,65.09,27.64,70.26,21.57
408,1201,E.E. MARIA ZILDA GAMBA NATEL,-23.62134,-46.73254,257,75,176,12,9,5,2,0,0,0,0,0,0,279,63.08,26.88,70.57,19.06
408,1201,E.E. MARIA ZILDA GAMBA NATEL,-23.62134,-46.73254,266,75,169,9,10,3,1,1,0,0,0,0,0,268,63.06,27.99,66.21,23.45
408,1201,E.E. MARIA ZILDA GAMBA NATEL,-23.62134,-46.73254,276,89,152,10,11,4,0,0,0,0,0,0,0,266,57.14,33.46,64.78,27.91
408,1201,E.E. MARIA ZILDA GAMBA NATEL,-23.62134,-46.73254,282,97,141,9,17,3,1,0,0,0,0,0,0,268,52.61,36.19,63.61,24.83
408,1201,E.E. MARIA ZILDA GAMBA NATEL,-23.62134,-46.73254,291,81,164,7,10,5,2,0,0,0,0,0,0,269,60.97,30.11,63.49,24.34
408,1201,E.E. MARIA ZILDA GAMBA NATEL,-23.62134,-46.73254,298,81,159,10,7,9,1,0,0,0,0,0,0,267,59.55,30.34,64.46,27.87
408,1201,E.E. MARIA ZILDA GAMBA NATEL,-23.62134,-46.73254,299,84,152,8,16,3,1,1,0,0,0,0,0,265,57.36,31.7,62.85,23.26
408,1201,E.E. MARIA ZILDA GAMBA NATEL,-23.62134,-46.73254,307,105,162,7,8,3,0,0,0,0,0,0,0,285,56.84,36.84,58.15,28.62
408,1201,E.E. MARIA ZILDA GAMBA NATEL,-23.62134,-46.73254,310,93,150,8,12,1,0,1,0,0,0,0,0,265,56.6,35.09,61.87,27.7
408,1333,EMEF CEU PARAISÓPOLIS,-23.62248,-46.72729,315,73,161,6,8,5,1,1,0,0,1,0,0,256,62.89,28.52,66.53,25.31
408,1333,EMEF CEU PARAISÓPOLIS,-23.62248,-46.72729,323,79,156,21,8,7,0,2,1,0,0,0,0,274,56.93,28.83,67.29,23.31
408,1333,EMEF CEU PARAISÓPOLIS,-23.62248,-46.72729,328,80,162,10,13,5,1,1,1,0,0,0,0,273,59.34,29.3,70.94,17.36
408,1333,EMEF CEU PARAISÓPOLIS,-23.62248,-46.72729,333,68,170,10,6,4,1,0,0,0,0,0,0,259,65.64,26.25,70.99,19.47
408,1333,EMEF CEU PARAISÓPOLIS,-23.62248,-46.72729,337,65,189,2,6,4,1,1,0,0,1,0,0,269,70.26,24.16,72.35,23.11
408,1333,EMEF CEU PARAISÓPOLIS,-23.62248,-46.72729,343,67,172,8,7,6,2,0,0,1,0,0,0,263,65.4,25.48,72.08,20.0
408,1333,EMEF CEU PARAISÓPOLIS,-23.62248,-46.72729,345,60,180,10,8,2,2,1,0,0,0,0,0,263,68.44,22.81,73.93,21.4
408,1333,EMEF CEU PARAISÓPOLIS,-23.62248,-46.72729,348,70,159,15,7,5,0,0,1,0,0,0,0,257,61.87,27.24,68.15,23.39
408,1333,EMEF CEU PARAISÓPOLIS,-23.62248,-46.72729,351,52,179,5,9,6,0,2,0,0,0,0,1,254,70.47,20.47,71.71,19.38
408,1333,EMEF CEU PARAISÓPOLIS,-23.62248,-46.72729,352,61,185,9,9,5,1,0,0,0,0,0,0,270,68.52,22.59,69.92,22.18
408,1333,EMEF CEU PARAISÓPOLIS,-23.62248,-46.72729,357,63,170,10,10,1,2,0,1,0,0,0,0,257,66.15,24.51,71.84,22.45
408,1333,EMEF CEU PARAISÓPOLIS,-23.62248,-46.72729,359,74,174,6,7,7,2,0,0,0,0,0,0,270,64.44,27.41,69.53,22.66
408,1333,EMEF CEU PARAISÓPOLIS,-23.62248,-46.72729,364,74,186,9,7,2,1,0,0,0,0,0,0,279,66.67,26.52,75.0,18.93
408,1333,EMEF CEU PARAISÓPOLIS,-23.62248,-46.72729,368,72,174,10,6,2,1,1,0,0,0,0,0,266,65.41,27.07,70.74,25.19
408,1333,EMEF CEU PARAISÓPOLIS,-23.62248,-46.72729,371,80,160,4,7,6,0,0,0,0,0,0,0,257,62.26,31.13,69.96,23.72
408,1333,EMEF CEU PARAISÓPOLIS,-23.62248,-46.72729,376,69,177,6,4,3,1,0,1,0,0,0,0,261,67.82,26.44,70.26,22.68
408,1333,EMEF CEU PARAISÓPOLIS,-23.62248,-46.72729,417,75,172,10,5,4,0,0,1,0,0,0,0,267,64.42,28.09,67.03,23.44
408,1333,EMEF CEU PARAISÓPOLIS,-23.62248,-46.72729,418,51,173,5,8,4,0,2,0,1,0,0,0,244,70.9,20.9,72.73,17.75
408,1384,EMEI CEU PARAISÓPOLIS,-23.62252,-46.72715,378,71,149,5,11,2,0,1,0,0,0,1,0,240,62.08,29.58,73.52,20.95
408,1384,EMEI CEU PARAISÓPOLIS,-23.62252,-46.72715,383,71,165,7,8,1,2,0,0,0,1,0,0,255,64.71,27.84,71.92,23.08
408,1384,EMEI CEU PARAISÓPOLIS,-23.62252,-46.72715,388,66,162,6,7,4,1,0,0,0,0,0,0,246,65.85,26.83,72.51,20.72
408,1384,EMEI CEU PARAISÓPOLIS,-23.62252,-46.72715,389,74,168,8,13,4,0,0,1,0,0,0,0,268,62.69,27.61,67.61,25.51
408,1384,EMEI CEU PARAISÓPOLIS,-23.62252,-46.72715,393,83,157,3,4,6,0,0,0,0,0,0,0,253,62.06,32.81,65.74,27.78
408,1384,EMEI CEU PARAISÓPOLIS,-23.62252,-46.72715,399,59,168,10,5,3,0,0,0,0,0,0,1,246,68.29,23.98,72.07,19.82
408,1384,EMEI CEU PARAISÓPOLIS,-23.62252,-46.72715,401,78,164,12,9,5,0,0,0,0,0,0,0,268,61.19,29.1,63.75,21.91
408,1384,EMEI CEU PARAISÓPOLIS,-23.62252,-46.72715,416,53,164,5,7,4,0,0,1,0,0,0,0,234,70.09,22.65,,
408,1392,CEI CEU PARAISÓPOLIS,-23.6226,-46.72765,403,58,183,10,9,1,1,0,0,0,0,0,0,262,69.85,22.14,72.97,20.95
408,1392,CEI CEU PARAISÓPOLIS,-23.6226,-46.72765,406,77,177,16,8,6,1,0,0,0,0,0,0,285,62.11,27.02,66.18,23.27
408,1392,CEI CEU PARAISÓPOLIS,-23.6226,-46.72765,409,68,173,6,5,5,0,0,0,0,1,0,0,258,67.05,26.36,73.36,18.92
408,1392,CEI CEU PARAISÓPOLIS,-23.6226,-46.72765,410,73,154,10,9,3,1,0,1,0,0,0,0,251,61.35,29.08,67.53,23.81
408,1392,CEI CEU PARAISÓPOLIS,-23.6226,-46.72765,413,58,175,12,13,5,0,0,0,0,0,0,0,263,66.54,22.05,73.8,19.65
408,1392,CEI CEU PARAISÓPOLIS,-23.6226,-46.72765,414,73,183,9,11,0,0,0,0,1,0,0,0,277,66.06,26.35,72.25,19.82
408,1392,CEI CEU PARAISÓPOLIS,-23.6226,-46.72765,415,63,166,11,17,4,0,0,0,1,0,0,0,262,63.36,24.05,67.24,23.28
408,1392,CEI CEU PARAISÓPOLIS,-23.6226,-46.72765,420,56,182,7,7,1,1,0,0,1,0,0,0,255,71.37,21.96,74.69,18.67
408,1430,ETEC ABDIAS DO NASCIMENTO,-23.62172,-46.72835,425,83,168,11,5,9,0,0,0,0,0,0,0,276,60.87,30.07,65.89,24.41
408,1430,ETEC ABDIAS DO NASCIMENTO,-23.62172,-46.72835,427,91,160,12,10,7,2,1,0,0,0,0,0,283,56.54,32.16,60.76,26.74
408,1430,ETEC ABDIAS DO NASCIMENTO,-23.62172,-46.72835,429,77,157,9,16,7,1,0,0,0,0,0,0,267,58.8,28.84,63.86,24.21
408,1430,ETEC ABDIAS DO NASCIMENTO,-23.62172,-46.72835,432,78,167,11,14,7,2,0,1,0,0,1,0,281,59.43,27.76,64.21,22.81
408,1430,ETEC ABDIAS DO NASCIMENTO,-23.62172,-46.72835,433,80,152,12,10,4,2,1,0,0,0,0,0,261,58.24,30.65,62.08,28.62
408,1430,ETEC ABDIAS DO NASCIMENTO,-23.62172,-46.72835,435,65,164,13,13,1,0,1,1,0,0,0,0,258,63.57,25.19,73.31,18.42
408,1430,ETEC ABDIAS DO NASCIMENTO,-23.62172,-46.72835,437,91,158,11,9,6,1,0,0,0,0,0,0,276,57.25,32.97,66.26,26.83
408,1430,ETEC ABDIAS DO NASCIMENTO,-23.62172,-46.72835,438,74,172,5,14,4,1,0,0,0,0,0,0,270,63.7,27.41,64.31,23.79
408,1430,ETEC ABDIAS DO NASCIMENTO,-23.62172,-46.72835,439,68,184,8,9,3,1,0,0,0,0,0,0,273,67.4,24.91,68.13,22.71
408,1430,ETEC ABDIAS DO NASCIMENTO,-23.62172,-46.72835,441,69,177,7,6,4,0,1,0,0,0,0,0,264,67.05,26.14,70.96,18.75
408,1430,ETEC ABDIAS DO NASCIMENTO,-23.62172,-46.72835,442,77,180,11,7,0,0,0,0,0,0,0,0,275,65.45,28.0,66.18,22.06
408,1430,ETEC ABDIAS DO NASCIMENTO,-23.62172,-46.72835,444,89,158,7,12,6,0,2,1,0,0,1,0,276,57.25,32.25,62.09,27.08
408,1430,ETEC ABDIAS DO NASCIMENTO,-23.62172,-46.72835,445,62,178,10,19,6,0,1,0,0,0,0,0,276,64.49,22.46,70.25,18.28
408,1430,ETEC ABDIAS DO NASCIMENTO,-23.62172,-46.72835,446,68,176,8,8,8,0,0,1,0,0,0,0,269,65.43,25.28,67.24,23.45
408,1430,ETEC ABDIAS DO NASCIMENTO,-23.62172,-46.72835,448,74,147,8,13,1,1,0,0,0,0,0,0,244,60.25,30.33,,
408,1449,EMEF DOM VEREMUNDO TOTH,-23.62248,-46.72878,449,69,150,7,13,4,0,1,0,0,0,0,0,244,61.48,28.28,65.0,22.0
408,1449,EMEF DOM VEREMUNDO TOTH,-23.62248,-46.72878,450,64,192,9,13,9,1,1,1,0,0,0,0,290,66.21,22.07,67.31,22.28
408,1449,EMEF DOM VEREMUNDO TOTH,-23.62248,-46.72878,451,64,175,11,22,3,1,0,0,0,1,0,0,277,63.18,23.1,65.38,18.91
408,1449,EMEF DOM VEREMUNDO TOTH,-23.62248,-46.72878,452,75,137,10,22,2,1,3,0,0,0,0,0,250,54.8,30.0,61.21,25.76
408,1449,EMEF DOM VEREMUNDO TOTH,-23.62248,-46.72878,454,76,172,8,12,5,2,3,1,0,0,0,0,279,61.65,27.24,62.58,24.85
408,1449,EMEF DOM VEREMUNDO TOTH,-23.62248,-46.72878,455,77,183,5,8,2,0,0,0,0,0,0,0,275,66.55,28.0,69.97,23.03
408,1449,EMEF DOM VEREMUNDO TOTH,-23.62248,-46.72878,456,79,151,10,11,7,0,0,1,0,0,0,1,260,58.08,30.38,62.84,28.1
408,1449,EMEF DOM VEREMUNDO TOTH,-23.62248,-46.72878,458,90,129,7,10,6,1,0,0,0,0,0,0,243,53.09,37.04,49.33,36.91
408,1449,EMEF DOM VEREMUNDO TOTH,-23.62248,-46.72878,460,72,131,12,13,4,3,1,0,0,0,0,0,236,55.51,30.51,,
408,1449,EMEF DOM VEREMUNDO TOTH,-23.62248,-46.72878,464,67,140,5,17,3,2,0,3,0,0,0,0,237,59.07,28.27,,
