nivel,zona,local_num,local,secoes,Flávio Bolsonaro (PL),Lula (PT),Augusto Cury (AVANTE),Renan Santos (MISSÃO),Ronaldo Caiado (PSD),Zema (NOVO),Samara (UP),Hertz Dias (PSTU),Clariana Barão (DC),Edmilson Costa (PCB),Wilson Grassi (DEMOCRATA),Rui Costa Pimenta (PCO),votos_validos,pct_lula,pct_flavio
local,408,1139,E.E. PROFA. ETELVINA DE GÓES MARCUCCI,18,1569,2931,150,148,81,25,8,0,4,1,5,0,4922,59.55,31.88
local,408,1201,E.E. MARIA ZILDA GAMBA NATEL,16,1349,2590,152,157,67,14,5,2,0,0,1,0,4337,59.72,31.1
local,408,1333,EMEF CEU PARAISÓPOLIS,18,1233,3099,156,135,78,16,11,6,2,2,0,1,4739,65.39,26.02
local,408,1384,EMEI CEU PARAISÓPOLIS,8,555,1297,56,64,29,3,1,2,0,1,1,1,2010,64.53,27.61
local,408,1392,CEI CEU PARAISÓPOLIS,8,526,1393,81,79,25,4,0,1,3,1,0,0,2113,65.93,24.89
local,408,1430,ETEC ABDIAS DO NASCIMENTO,15,1146,2498,143,165,73,11,7,4,0,0,2,0,4049,61.69,28.3
local,408,1449,EMEF DOM VEREMUNDO TOTH,10,733,1560,84,141,45,11,9,6,0,1,0,1,2591,60.21,28.29
paraisopolis_total,408,,Paraisópolis (7 locais),93,7111,15368,822,889,398,84,41,21,9,6,9,3,24761,62.07,28.72
zona_408_total,408,,Zona 408 inteira,474,46216,63882,4690,4925,3026,669,245,85,55,31,34,27,123885,51.57,37.31
