fonte,campo,v,n,fracao
ANS,sex,F,10906902,0.516
ANS,sex,M,10230806,0.484
SIA,race,1,154151369,0.3039
SIA,race,3,131232505,0.2587
SIA,race,99,89136925,0.1757
SIA,race,0,75202697,0.1483
SIA,race,2,29101413,0.0574
SIA,race,4,27972985,0.0551
SIA,race,5,444289,0.0009
SIA,sex,F,253984002,0.5007
SIA,sex,M,178055484,0.351
SIA,sex,,75202697,0.1483
SIH,race,Parda,5360589,0.4281
SIH,race,Branca,4032640,0.3221
SIH,race,"Sem Informação",2407447,0.1923
SIH,race,Preta,525176,0.0419
SIH,race,Amarela,157680,0.0126
SIH,race,"Indígena",37382,0.003
SIH,sex,Feminino,7166889,0.5724
SIH,sex,Masculino,5354025,0.4276
SIM,race,1.0,757724,0.5028
SIM,race,4.0,555655,0.3687
SIM,race,2.0,124740,0.0828
SIM,race,NULL,55281,0.0367
SIM,race,3.0,8949,0.0059
SIM,race,5.0,4728,0.0031
SIM,sex,1,822014,0.5454
SIM,sex,2,683677,0.4536
SIM,sex,0,1386,0.0009
SINAN SARI,race,1,177393,0.4255
SINAN SARI,race,4,148779,0.3568
SINAN SARI,race,9,70907,0.1701
SINAN SARI,race,2,15110,0.0362
SINAN SARI,race,3,3609,0.0087
SINAN SARI,race,5,1147,0.0028
SINAN SARI,sex,NULL,416945,1.0
SINAN dengue,race,1,565514,0.4057
SINAN dengue,race,4,499216,0.3581
SINAN dengue,race,9,275013,0.1973
SINAN dengue,race,2,39298,0.0282
SINAN dengue,race,3,11356,0.0081
SINAN dengue,race,5,3448,0.0025
SINAN dengue,race,NULL,32,0.0
SINAN dengue,sex,F,755688,0.5421
SINAN dengue,sex,M,636757,0.4568
SINAN dengue,sex,I,1407,0.001
SINAN dengue,sex,NULL,25,0.0
SINAN violence,race,4,72028,0.4514
SINAN violence,race,1,59633,0.3737
SINAN violence,race,2,13676,0.0857
SINAN violence,race,9,10634,0.0666
SINAN violence,race,5,1574,0.0099
SINAN violence,race,3,1554,0.0097
SINAN violence,race,,477,0.003
SINAN violence,sex,F,119073,0.7462
SINAN violence,sex,M,40459,0.2535
SINAN violence,sex,I,43,0.0003
SINAN violence,sex,,1,0.0
SINASC,race,4,1429961,0.5585
SINASC,race,1,850443,0.3322
SINASC,race,2,183309,0.0716
SINASC,race,NULL,57925,0.0226
SINASC,race,5,26970,0.0105
SINASC,race,3,11711,0.0046
SINASC,sex,1,1309870,0.5116
SINASC,sex,2,1250069,0.4882
SINASC,sex,0,380,0.0001
SISVAN,race,4,14612673,0.3186
SISVAN,race,1,14505118,0.3163
SISVAN,race,3,7581304,0.1653
SISVAN,race,99,6788295,0.148
SISVAN,race,2,2106499,0.0459
SISVAN,race,5,268215,0.0058
SISVAN,sex,F,30268147,0.66
SISVAN,sex,M,15593957,0.34
