sigla_uf,ano,obitos,mal_definidas
AC,1996,2263,613
AC,1997,2272,633
AC,1998,2391,776
AC,1999,2122,672
AC,2000,2565,801
AC,2001,2494,719
AC,2002,2486,584
AC,2003,2534,632
AC,2004,2676,783
AC,2005,2811,217
AC,2006,2752,228
AC,2007,2798,206
AC,2008,2857,351
AC,2009,2892,316
AC,2010,3006,408
AC,2011,3154,286
AC,2012,3288,323
AC,2013,3313,263
AC,2014,3474,180
AC,2015,3513,231
AC,2016,3758,242
AC,2017,3829,137
AC,2018,4086,209
AC,2019,4076,306
AC,2020,4836,654
AC,2021,5485,575
AC,2022,3735,591
AL,1996,13813,5686
AL,1997,14279,5457
AL,1998,16539,5749
AL,1999,14313,4929
AL,2000,14337,4169
AL,2001,15442,4319
AL,2002,15861,4469
AL,2003,15245,4154
AL,2004,15728,3970
AL,2005,15311,2063
AL,2006,15420,1601
AL,2007,16583,1168
AL,2008,16400,1095
AL,2009,17047,1303
AL,2010,17734,1523
AL,2011,18643,1413
AL,2012,18369,1259
AL,2013,19240,1145
AL,2014,19063,1077
AL,2015,19753,972
AL,2016,20768,930
AL,2017,20671,820
AL,2018,19410,696
AL,2019,20286,940
AL,2020,24147,1496
AL,2021,25089,1496
AL,2022,22741,1657
AM,1996,8009,1854
AM,1997,8285,2034
AM,1998,8745,1998
AM,1999,9535,2271
AM,2000,10464,2634
AM,2001,10504,2608
AM,2002,10623,2674
AM,2003,10594,2688
AM,2004,10896,2465
AM,2005,11132,2366
AM,2006,11573,2387
AM,2007,11722,2065
AM,2008,12708,2066
AM,2009,12990,2118
AM,2010,13298,2030
AM,2011,14215,1962
AM,2012,14839,2112
AM,2013,15117,2017
AM,2014,15838,1892
AM,2015,16671,2026
AM,2016,16787,2086
AM,2017,17268,2143
AM,2018,17707,2158
AM,2019,18321,2316
AM,2020,24746,2774
AM,2021,29056,2176
AM,2022,19475,1575
AP,1996,1593,90
AP,1997,1657,148
AP,1998,1536,151
AP,1999,1700,179
AP,2000,1686,251
AP,2001,1961,251
AP,2002,1982,245
AP,2003,1895,292
AP,2004,1949,284
AP,2005,1765,253
AP,2006,1802,278
AP,2007,1885,310
AP,2008,2110,294
AP,2009,2140,340
AP,2010,2172,295
AP,2011,2494,240
AP,2012,2600,280
AP,2013,2680,248
AP,2014,2852,227
AP,2015,2946,301
AP,2016,2995,231
AP,2017,3158,240
AP,2018,3345,218
AP,2019,3524,250
AP,2020,4617,191
AP,2021,4750,237
AP,2022,3717,229
BA,1996,54624,15613
BA,1997,52558,14617
BA,1998,55984,15789
BA,1999,58521,17471
BA,2000,59654,17715
BA,2001,61025,16304
BA,2002,63422,16128
BA,2003,64103,16497
BA,2004,64791,16086
BA,2005,64687,16383
BA,2006,67188,10029
BA,2007,67144,9481
BA,2008,70342,10204
BA,2009,72678,9921
BA,2010,75687,10072
BA,2011,77493,10516
BA,2012,79679,10326
BA,2013,80816,10269
BA,2014,83048,11039
BA,2015,86611,11942
BA,2016,87723,12021
BA,2017,90609,11585
BA,2018,89789,10292
BA,2019,93058,11330
BA,2020,106916,11966
BA,2021,115100,11395
BA,2022,102889,12913
CE,1996,29370,9090
CE,1997,31160,8997
CE,1998,31762,7629
CE,1999,34751,7616
CE,2000,33641,6781
CE,2001,35726,7691
CE,2002,39172,9971
CE,2003,40972,10712
CE,2004,41178,10226
CE,2005,39867,7624
CE,2006,40792,2527
CE,2007,40425,2076
CE,2008,43098,2157
CE,2009,44193,2316
CE,2010,43844,2232
CE,2011,47877,2299
CE,2012,48708,2550
CE,2013,51635,3190
CE,2014,51943,3374
CE,2015,55252,3119
CE,2016,54274,3331
CE,2017,59260,2173
CE,2018,57027,1725
CE,2019,56575,1642
CE,2020,69509,2953
CE,2021,73681,2086
CE,2022,64108,2001
DF,1996,8224,99
DF,1997,8405,169
DF,1998,8406,324
DF,1999,8544,420
DF,2000,8572,400
DF,2001,8760,448
DF,2002,9066,420
DF,2003,9095,387
DF,2004,9609,339
DF,2005,9425,221
DF,2006,9513,214
DF,2007,9866,238
DF,2008,10282,207
DF,2009,10459,172
DF,2010,10851,104
DF,2011,11253,129
DF,2012,11308,94
DF,2013,11408,75
DF,2014,12018,82
DF,2015,11975,87
DF,2016,12050,228
DF,2017,12514,264
DF,2018,12157,233
DF,2019,12804,266
DF,2020,16218,345
DF,2021,19079,367
DF,2022,12791,521
ES,1996,16748,3330
ES,1997,15851,2927
ES,1998,17588,3413
ES,1999,17329,3339
ES,2000,17632,3108
ES,2001,17687,2901
ES,2002,17618,2073
ES,2003,18404,1183
ES,2004,18630,865
ES,2005,18676,818
ES,2006,19657,681
ES,2007,19618,584
ES,2008,20413,480
ES,2009,20347,332
ES,2010,21173,289
ES,2011,21363,273
ES,2012,21583,237
ES,2013,21619,211
ES,2014,22014,192
ES,2015,22314,218
ES,2016,22855,233
ES,2017,24102,179
ES,2018,23487,164
ES,2019,24406,205
ES,2020,28978,347
ES,2021,32685,242
ES,2022,26216,310
GO,1996,21573,3179
GO,1997,23217,3309
GO,1998,23572,3273
GO,1999,23650,3208
GO,2000,23175,2357
GO,2001,23921,2273
GO,2002,25634,2049
GO,2003,25697,1960
GO,2004,27545,2014
GO,2005,26834,1923
GO,2006,27145,1890
GO,2007,28055,1839
GO,2008,30044,1818
GO,2009,30384,1763
GO,2010,32545,1960
GO,2011,34025,1892
GO,2012,35889,987
GO,2013,36052,840
GO,2014,37637,833
GO,2015,38699,952
GO,2016,37926,874
GO,2017,39821,932
GO,2018,39405,584
GO,2019,40931,815
GO,2020,48264,879
GO,2021,60632,659
GO,2022,46608,1634
MA,1996,12031,4820
MA,1997,13462,5334
MA,1998,15228,6088
MA,1999,14403,5865
MA,2000,16041,5787
MA,2001,19792,7822
MA,2002,21490,8662
MA,2003,22524,8414
MA,2004,22823,8347
MA,2005,23931,3978
MA,2006,22628,2331
MA,2007,23808,1935
MA,2008,25394,1904
MA,2009,25720,1665
MA,2010,26069,1738
MA,2011,28940,1854
MA,2012,28815,1922
MA,2013,30882,1980
MA,2014,32048,1749
MA,2015,33610,1692
MA,2016,34275,1775
MA,2017,35219,1866
MA,2018,34477,1785
MA,2019,35085,1705
MA,2020,43225,2250
MA,2021,44602,2039
MA,2022,39746,2100
MG,1996,97498,14033
MG,1997,97916,13903
MG,1998,98193,14550
MG,1999,99503,16051
MG,2000,96161,13684
MG,2001,97981,13441
MG,2002,97844,12855
MG,2003,104760,13644
MG,2004,107340,13290
MG,2005,106275,12255
MG,2006,111624,13004
MG,2007,111165,12474
MG,2008,112556,12747
MG,2009,114038,12523
MG,2010,120597,11896
MG,2011,122460,10951
MG,2012,124791,10609
MG,2013,125590,10434
MG,2014,127460,9981
MG,2015,131083,10581
MG,2016,135051,10922
MG,2017,137969,10557
MG,2018,135459,9415
MG,2019,140892,9274
MG,2020,151994,10482
MG,2021,189906,11261
MG,2022,151523,11052
MS,1996,11152,1213
MS,1997,11056,1141
MS,1998,11025,1117
MS,1999,11489,1061
MS,2000,11078,944
MS,2001,11213,617
MS,2002,11421,369
MS,2003,12161,292
MS,2004,12562,205
MS,2005,12508,229
MS,2006,12760,200
MS,2007,13208,220
MS,2008,13232,225
MS,2009,13610,177
MS,2010,14471,198
MS,2011,14288,239
MS,2012,14632,245
MS,2013,14896,237
MS,2014,15060,250
MS,2015,15452,274
MS,2016,16747,411
MS,2017,15951,253
MS,2018,16595,330
MS,2019,16813,513
MS,2020,19046,582
MS,2021,25046,680
MS,2022,19925,865
MT,1996,8399,844
MT,1997,9166,801
MT,1998,10197,941
MT,1999,10776,805
MT,2000,11466,904
MT,2001,11572,1034
MT,2002,12168,1003
MT,2003,12221,720
MT,2004,12907,1070
MT,2005,12936,826
MT,2006,12932,765
MT,2007,12776,442
MT,2008,13846,473
MT,2009,14223,516
MT,2010,14938,613
MT,2011,15207,1002
MT,2012,15873,1096
MT,2013,16115,873
MT,2014,16955,1044
MT,2015,17084,1118
MT,2016,17519,1031
MT,2017,17696,1032
MT,2018,18192,1038
MT,2019,18337,1032
MT,2020,23387,1298
MT,2021,28608,1275
MT,2022,21696,1595
PA,1996,17165,4710
PA,1997,18467,5013
PA,1998,20183,5614
PA,1999,21190,5957
PA,2000,21542,5941
PA,2001,23699,6135
PA,2002,23139,6078
PA,2003,25124,6379
PA,2004,25886,6665
PA,2005,26402,5924
PA,2006,26981,4779
PA,2007,27584,3961
PA,2008,29599,4216
PA,2009,30474,4215
PA,2010,31543,4077
PA,2011,32584,4144
PA,2012,33868,3960
PA,2013,34094,2990
PA,2014,35550,2934
PA,2015,37344,2874
PA,2016,38531,2900
PA,2017,39934,2675
PA,2018,40435,2828
PA,2019,40486,3274
PA,2020,51538,3982
PA,2021,52084,3509
PA,2022,46489,3593
PB,1996,17740,8943
PB,1997,17394,9026
PB,1998,17740,9393
PB,1999,17148,9172
PB,2000,18268,8492
PB,2001,18879,8519
PB,2002,19704,7977
PB,2003,19998,6971
PB,2004,20696,6155
PB,2005,20289,3162
PB,2006,20099,2257
PB,2007,21267,1745
PB,2008,22497,1706
PB,2009,22730,1767
PB,2010,23375,1843
PB,2011,24565,1887
PB,2012,25139,1608
PB,2013,25886,1614
PB,2014,25200,1381
PB,2015,26398,1540
PB,2016,28015,1756
PB,2017,26963,1572
PB,2018,26625,1453
PB,2019,27340,1581
PB,2020,31080,1853
PB,2021,34652,1735
PB,2022,31387,2213
PE,1996,48420,13106
PE,1997,49532,12229
PE,1998,51963,12854
PE,1999,51744,12711
PE,2000,52469,11967
PE,2001,51868,10897
PE,2002,52194,9900
PE,2003,52912,9385
PE,2004,53560,8669
PE,2005,52247,5250
PE,2006,51747,3082
PE,2007,53058,2796
PE,2008,53825,2784
PE,2009,54386,2806
PE,2010,54337,2956
PE,2011,56928,2961
PE,2012,56905,2759
PE,2013,57991,2644
PE,2014,57579,2559
PE,2015,62312,2611
PE,2016,66627,2682
PE,2017,64112,2032
PE,2018,61799,1847
PE,2019,64041,2038
PE,2020,76317,3256
PE,2021,80497,4061
PE,2022,69834,4002
PI,1996,6785,2311
PI,1997,7743,2498
PI,1998,8378,2736
PI,1999,8672,2722
PI,2000,11623,3566
PI,2001,12505,3699
PI,2002,13085,3395
PI,2003,13883,3640
PI,2004,13603,3303
PI,2005,14253,3149
PI,2006,14461,937
PI,2007,14860,632
PI,2008,15454,458
PI,2009,15539,517
PI,2010,15584,676
PI,2011,17015,879
PI,2012,17406,824
PI,2013,17937,822
PI,2014,18510,827
PI,2015,19314,705
PI,2016,19149,719
PI,2017,19825,873
PI,2018,19909,855
PI,2019,20500,891
PI,2020,23577,1305
PI,2021,26143,1281
PI,2022,23312,1173
PR,1996,53994,5309
PR,1997,53473,3925
PR,1998,55841,3945
PR,1999,54801,3616
PR,2000,56092,3055
PR,2001,55073,2788
PR,2002,56854,2588
PR,2003,57566,2883
PR,2004,60276,3073
PR,2005,58778,2822
PR,2006,60515,2975
PR,2007,61465,2855
PR,2008,63566,3079
PR,2009,64753,3399
PR,2010,66719,3384
PR,2011,68333,3202
PR,2012,68416,3156
PR,2013,69737,2554
PR,2014,69224,2293
PR,2015,70737,2099
PR,2016,74632,2628
PR,2017,71548,1678
PR,2018,73743,1586
PR,2019,74459,1761
PR,2020,82487,2033
PR,2021,112518,2406
PR,2022,87968,3363
RJ,1996,118111,11375
RJ,1997,113329,11070
RJ,1998,115382,12642
RJ,1999,113497,12344
RJ,2000,111196,12759
RJ,2001,113816,12709
RJ,2002,117018,12595
RJ,2003,116318,12599
RJ,2004,117538,11402
RJ,2005,114394,10679
RJ,2006,116474,10338
RJ,2007,118341,10651
RJ,2008,120689,8994
RJ,2009,122001,8394
RJ,2010,125925,9164
RJ,2011,125414,8253
RJ,2012,124742,7455
RJ,2013,128573,6795
RJ,2014,129545,7328
RJ,2015,131487,7309
RJ,2016,139683,7677
RJ,2017,135444,9105
RJ,2018,139598,10434
RJ,2019,143641,11904
RJ,2020,171376,14505
RJ,2021,188468,17256
RJ,2022,146761,13790
RN,1996,12299,3677
RN,1997,12040,3571
RN,1998,12532,3693
RN,1999,12668,3740
RN,2000,12858,3548
RN,2001,13292,3723
RN,2002,14176,3826
RN,2003,13731,3415
RN,2004,14642,2933
RN,2005,14172,1208
RN,2006,13659,678
RN,2007,14540,526
RN,2008,15547,525
RN,2009,16146,607
RN,2010,16068,488
RN,2011,17758,637
RN,2012,17913,574
RN,2013,18917,666
RN,2014,19135,688
RN,2015,20153,710
RN,2016,21920,889
RN,2017,21408,648
RN,2018,21205,629
RN,2019,21765,675
RN,2020,24672,807
RN,2021,26767,857
RN,2022,21855,790
RO,1996,4606,844
RO,1997,4834,761
RO,1998,5497,806
RO,1999,5409,832
RO,2000,5602,722
RO,2001,6015,751
RO,2002,6028,668
RO,2003,6319,781
RO,2004,6319,706
RO,2005,6252,590
RO,2006,6048,473
RO,2007,5545,419
RO,2008,6262,514
RO,2009,6809,575
RO,2010,7193,664
RO,2011,6994,575
RO,2012,7586,574
RO,2013,7485,522
RO,2014,7640,520
RO,2015,7931,453
RO,2016,8312,507
RO,2017,8208,468
RO,2018,8152,502
RO,2019,8319,517
RO,2020,10262,610
RO,2021,14028,714
RO,2022,10341,764
RR,1996,1029,47
RR,1997,926,72
RR,1998,1095,43
RR,1999,1266,114
RR,2000,1329,121
RR,2001,1200,74
RR,2002,1252,55
RR,2003,1351,91
RR,2004,1408,112
RR,2005,1440,89
RR,2006,1507,85
RR,2007,1493,76
RR,2008,1477,47
RR,2009,1534,78
RR,2010,1640,75
RR,2011,1595,53
RR,2012,1783,119
RR,2013,1945,105
RR,2014,1953,82
RR,2015,2091,87
RR,2016,2156,106
RR,2017,2460,75
RR,2018,2787,67
RR,2019,2779,93
RR,2020,3579,125
RR,2021,4306,132
RR,2022,3129,120
RS,1996,67596,3796
RS,1997,64312,3493
RS,1998,69505,3874
RS,1999,67269,3345
RS,2000,67953,2993
RS,2001,68296,3322
RS,2002,69357,3947
RS,2003,70534,4559
RS,2004,72242,4150
RS,2005,71229,3823
RS,2006,72355,3655
RS,2007,75304,3705
RS,2008,73996,3143
RS,2009,76787,3541
RS,2010,77981,3474
RS,2011,80145,3690
RS,2012,79456,3778
RS,2013,83016,3870
RS,2014,82163,3777
RS,2015,82349,3509
RS,2016,87580,4081
RS,2017,86240,4082
RS,2018,88614,4310
RS,2019,89238,4228
RS,2020,92791,4604
RS,2021,117716,5048
RS,2022,101070,5671
SC,1996,27762,4237
SC,1997,27044,3701
SC,1998,27684,3940
SC,1999,27855,3622
SC,2000,28431,3574
SC,2001,28260,3382
SC,2002,28776,3255
SC,2003,29525,3066
SC,2004,30552,2849
SC,2005,29915,2601
SC,2006,30419,2771
SC,2007,32101,2772
SC,2008,31863,2454
SC,2009,33822,2078
SC,2010,34469,1839
SC,2011,35907,1427
SC,2012,35429,1401
SC,2013,36284,1310
SC,2014,36994,1149
SC,2015,37961,963
SC,2016,40256,1150
SC,2017,39904,1175
SC,2018,41263,1282
SC,2019,42263,1229
SC,2020,46433,1260
SC,2021,59872,1430
SC,2022,50158,1589
SE,1996,8942,2868
SE,1997,8444,2788
SE,1998,9269,2965
SE,1999,9420,2987
SE,2000,9519,2825
SE,2001,9727,2572
SE,2002,9876,2325
SE,2003,9651,2300
SE,2004,9593,1013
SE,2005,9787,926
SE,2006,9580,781
SE,2007,9721,704
SE,2008,10214,678
SE,2009,10704,688
SE,2010,10889,578
SE,2011,11348,732
SE,2012,11783,814
SE,2013,12090,724
SE,2014,12202,767
SE,2015,13410,919
SE,2016,13486,851
SE,2017,13305,917
SE,2018,13015,954
SE,2019,13468,1107
SE,2020,15790,1289
SE,2021,16674,1149
SE,2022,14963,1186
SP,1996,235409,14223
SP,1997,232961,14179
SP,1998,231556,15453
SP,1999,236820,15554
SP,2000,238959,15725
SP,2001,235987,15816
SP,2002,237741,15496
SP,2003,240253,15463
SP,2004,243984,15693
SP,2005,236456,14800
SP,2006,243425,15886
SP,2007,244193,15600
SP,2008,248681,15714
SP,2009,255912,15938
SP,2010,264316,16285
SP,2011,269713,16011
SP,2012,269727,15079
SP,2013,276310,14543
SP,2014,280956,14154
SP,2015,286948,13629
SP,2016,295772,14903
SP,2017,294276,13731
SP,2018,297834,14327
SP,2019,305858,14451
SP,2020,349239,17807
SP,2021,431174,19280
SP,2022,352865,15770
TO,1996,3728,1129
TO,1997,3733,1129
TO,1998,4104,1173
TO,1999,4263,1050
TO,2000,4373,926
TO,2001,4797,951
TO,2002,4820,569
TO,2003,4970,327
TO,2004,5140,255
TO,2005,5055,276
TO,2006,5116,155
TO,2007,5589,201
TO,2008,5870,261
TO,2009,6070,268
TO,2010,6464,171
TO,2011,6640,197
TO,2012,6618,206
TO,2013,6848,224
TO,2014,7091,229
TO,2015,7376,213
TO,2016,7464,160
TO,2017,8035,116
TO,2018,7772,162
TO,2019,7998,250
TO,2020,9259,243
TO,2021,11512,253
TO,2022,9494,339
