ano,sigla_uf,beneficiarios,populacao,cobertura
2014,AC,46013,790101,0.05823685832570773
2014,AL,394735,3321730,0.11883416171693666
2014,AM,567737,3873743,0.1465603164691101
2014,AP,71771,750912,0.09557844327963863
2014,BA,1667325,15126371,0.11022637220784813
2014,CE,1261427,8842791,0.14265032386268092
2014,DF,916190,2852372,0.3212028445097624
2014,ES,1155976,3885049,0.2975447671316372
2014,GO,1091855,6523222,0.16737970898430254
2014,MA,481615,6850884,0.07029968687252623
2014,MG,5431587,20734097,0.26196400065071557
2014,MS,600104,2619657,0.22907731813745083
2014,MT,550128,3224357,0.1706163430414188
2014,PA,890406,8073924,0.11028169202484442
2014,PB,414161,3943885,0.10501345754249934
2014,PE,1471564,9277727,0.1586125567178254
2014,PI,285978,3194718,0.08951588215297876
2014,PR,2860870,11081692,0.2581618402677136
2014,RJ,6094914,16461173,0.370260005164881
2014,RN,525887,3408510,0.1542864770823615
2014,RO,186175,1748531,0.10647509252052151
2014,RR,33416,496936,0.06724407167120112
2014,RS,2672108,11207274,0.23842622211253156
2014,SC,1516688,6727148,0.2254578017311348
2014,SE,315383,2219574,0.14209168065583755
2014,SP,18609799,44035304,0.4226108896625308
2014,TO,99504,1496880,0.06647426647426648
2015,AC,43909,803513,0.05464628450317543
2015,AL,401686,3340932,0.12023171977160864
2015,AM,523863,3938336,0.13301632973926045
2015,AP,72975,766679,0.09518325139986879
2015,BA,1652194,15203334,0.10867313708953576
2015,CE,1260733,8904459,0.1415844578542054
2015,DF,906120,2914830,0.3108654707135579
2015,ES,1110234,3929911,0.282508687855781
2015,GO,1110878,6610681,0.16804289905986994
2015,MA,488337,6904241,0.07073000493464814
2015,MG,5203157,20869101,0.24932348547261332
2015,MS,632673,2651235,0.23863331617152006
2015,MT,563475,3265486,0.17255471314223977
2015,PA,856953,8175113,0.10482460609412983
2015,PB,420419,3972202,0.1058402870750279
2015,PE,1387701,9345173,0.14849388020960125
2015,PI,294266,3204028,0.09184251823017776
2015,PR,2852826,11163018,0.25556045865016075
2015,RJ,5831009,16550024,0.352326316868181
2015,RN,529618,3442175,0.15386143935157276
2015,RO,174865,1768204,0.0988941321250263
2015,RR,30469,505665,0.060255307367525934
2015,RS,2650724,11247972,0.2356623931851893
2015,SC,1513252,6819190,0.22191081345438388
2015,SE,322412,2242937,0.1437454551777424
2015,SP,18108688,44396484,0.40788563346592943
2015,TO,101394,1515126,0.06692116695245148
2016,AC,43132,816687,0.052813378932198014
2016,AL,395957,3358963,0.1178807268790993
2016,AM,518704,4001667,0.1296219800398184
2016,AP,70128,782295,0.08964393227618737
2016,BA,1598031,15276566,0.1046066897495157
2016,CE,1248709,8963663,0.13930789232036056
2016,DF,885666,2977216,0.2974812710935317
2016,ES,1078004,3973697,0.2712849016923032
2016,GO,1105955,6695855,0.1651700940357878
2016,MA,453860,6954036,0.06526569606484638
2016,MG,5031595,20997560,0.23962760435021974
2016,MS,646440,2682386,0.24099439827079325
2016,MT,553450,3305531,0.16743149587766687
2016,PA,823208,8272724,0.09950869870673795
2016,PB,413801,3999415,0.10346538181209002
2016,PE,1361235,9410336,0.14465317710228412
2016,PI,300626,3212180,0.09358940034493708
2016,PR,2825758,11242720,0.25134113452972234
2016,RJ,5528536,16635996,0.33232371539401667
2016,RN,504923,3474998,0.1453016663606713
2016,RO,163091,1787279,0.09125100222181316
2016,RR,29308,514229,0.056994062956387134
2016,RS,2619082,11286500,0.23205440127586055
2016,SC,1486439,6910553,0.21509696836128744
2016,SE,313468,2265779,0.13834888574746257
2016,SP,17379767,44749699,0.38837729388973097
2016,TO,104090,1532902,0.06790388426657412
2017,AC,42621,829619,0.05137418501745982
2017,AL,378791,3375823,0.1122070084835609
2017,AM,525595,4063614,0.12934176326786945
2017,AP,70021,797722,0.08777619270873813
2017,BA,1593413,15344447,0.10384297329190162
2017,CE,1283584,9020460,0.14229695603106715
2017,DF,861081,3039444,0.2833021434183357
2017,ES,1086258,4016356,0.27045859480583895
2017,GO,1124611,6778772,0.16590187721315897
2017,MA,453468,7000229,0.06477902365765463
2017,MG,5022361,21119536,0.23780640824684784
2017,MS,586536,2713147,0.21618290494396358
2017,MT,561448,3344544,0.16786982022063396
2017,PA,795532,8366628,0.0950839454078752
2017,PB,410367,4025558,0.10194040180268177
2017,PE,1328865,9473266,0.14027527570744874
2017,PI,311047,3219257,0.09662074199108676
2017,PR,2846509,11320892,0.251438579221496
2017,RJ,5374514,16718956,0.3214622970477343
2017,RN,503655,3507003,0.14361407731901
2017,RO,157623,1805788,0.08728765502927253
2017,RR,28808,522636,0.05512058105450065
2017,RS,2589914,11322895,0.22873249288278308
2017,SC,1502938,7001161,0.21466982404775437
2017,SE,312674,2288116,0.13665128865844214
2017,SP,17116395,45094866,0.3795641614723947
2017,TO,105720,1550194,0.06819791587375515
2018,AC,42073,869265,0.04840066032797823
2018,AL,376691,3322820,0.11336485274555949
2018,AM,507089,4080611,0.1242679098791823
2018,AP,70288,829494,0.08473599567929364
2018,BA,1596395,14812617,0.10777265084218407
2018,CE,1283075,9075649,0.1413755644362183
2018,DF,894625,2974703,0.3007443095999836
2018,ES,1098924,3972388,0.2766406504097787
2018,GO,1155311,6921161,0.16692445097000344
2018,MA,461414,7035055,0.0655878312252001
2018,MG,4994013,21040662,0.2373505643501141
2018,MS,595887,2748023,0.21684207155471405
2018,MT,576938,3441998,0.16761718048645002
2018,PA,789828,8513497,0.09277362757043316
2018,PB,414025,3996496,0.10359700097285222
2018,PE,1340922,9496294,0.1412047689340705
2018,PI,342175,3264531,0.10481597509718854
2018,PR,2845769,11348937,0.25075203078490965
2018,RJ,5318047,17159960,0.3099102212359469
2018,RN,509316,3479010,0.14639681978493882
2018,RO,152304,1757589,0.08665507123679085
2018,RR,28743,576568,0.049851882171747304
2018,RS,2553925,11329605,0.22542048023739575
2018,SC,1504194,7075494,0.2125920819097578
2018,SE,320052,2278308,0.14047793362442654
2018,SP,17107671,45538936,0.37567129368152125
2018,TO,108637,1555229,0.06985273551354816
2019,AC,43098,881935,0.04886754692806159
2019,AL,369968,3337357,0.11085658501622692
2019,AM,519736,4144597,0.12540085320719963
2019,AP,66047,845731,0.07809457144174685
2019,BA,1578294,14873064,0.10611760965998668
2019,CE,1265640,9132078,0.13859277154662936
2019,DF,894845,3015268,0.2967712986043032
2019,ES,1113499,4018650,0.27708285120625087
2019,GO,1195897,7018354,0.1703956511740502
2019,MA,475965,7075181,0.0672724839124257
2019,MG,5056654,21168791,0.23887306554257162
2019,MS,590231,2778986,0.2123907785069806
2019,MT,575216,3484466,0.16508010122641462
2019,PA,790073,8602865,0.09183835850033681
2019,PB,408492,4018127,0.10166229190864301
2019,PE,1344242,9557071,0.14065418160019946
2019,PI,326399,3273227,0.0997178014234882
2019,PR,2853970,11433957,0.2496047518807356
2019,RJ,5338110,17264943,0.3091878148685461
2019,RN,506177,3506853,0.14433938348713218
2019,RO,146547,1777225,0.08245832688601612
2019,RR,28662,605761,0.04731569051160441
2019,RS,2520265,11377239,0.22151815567907118
2019,SC,1471571,7164788,0.2053893290352764
2019,SE,317735,2298696,0.13822401918304986
2019,SP,17106998,45919049,0.3725468704719908
2019,TO,105614,1572866,0.06714748745284087
2020,AC,43791,894470,0.048957483202343284
2020,AL,369699,3351543,0.11030710332524452
2020,AM,541315,4207714,0.12864823987561894
2020,AP,63578,861773,0.07377580871064654
2020,BA,1540785,14930634,0.10319622060255446
2020,CE,1266796,9187103,0.1378885161078525
2020,DF,922819,3055149,0.30205368052425596
2020,ES,1144383,4064052,0.2815867021386537
2020,GO,1252753,7113540,0.1761082386547345
2020,MA,451209,7114598,0.06342016794202568
2020,MG,5200485,21292666,0.24423832130743986
2020,MS,602872,2809394,0.21459147417556954
2020,MT,588685,3526220,0.16694505731349718
2020,PA,824479,8690745,0.09486862173496058
2020,PB,417606,4039277,0.10338632383963764
2020,PE,1354203,9616621,0.1408190049290702
2020,PI,347457,3281480,0.10588423516218291
2020,PR,2868416,11516840,0.2490627637442215
2020,RJ,5349292,17366189,0.3080291248701716
2020,RN,532814,3534165,0.1507609293850174
2020,RO,153092,1796460,0.08521870790332098
2020,RR,30190,631181,0.04783097083087102
2020,RS,2495197,11422973,0.2184367414682675
2020,SC,1495036,7252502,0.20614072219490598
2020,SE,313073,2318822,0.13501381304817706
2020,SP,17121630,46289333,0.36988284104244923
2020,TO,112181,1590248,0.07054308510370709
2021,AC,43324,906876,0.04777279363441088
2021,AL,374748,3365351,0.11135480370398214
2021,AM,569357,4269995,0.13333903201291805
2021,AP,63442,877613,0.07228926645343677
2021,BA,1594230,14985284,0.10638637212347794
2021,CE,1309725,9240580,0.14173623300701904
2021,DF,924634,3094325,0.2988160584295444
2021,ES,1190040,4108508,0.28965259408038146
2021,GO,1244506,7206589,0.1726900202023454
2021,MA,476439,7153262,0.06660443864631269
2021,MG,5400183,21411923,0.25220448438937504
2021,MS,616480,2839188,0.21713250408215307
2021,MT,620759,3567234,0.17401689936796969
2021,PA,846840,8777124,0.09648262916189859
2021,PB,435050,4059905,0.1071576797979263
2021,PE,1371140,9674793,0.1417229288523279
2021,PI,363664,3289290,0.11056002967205689
2021,PR,2955505,11597484,0.25484018775106737
2021,RJ,5395854,17463349,0.30898162775078253
2021,RN,578785,3560903,0.16253882793212845
2021,RO,152387,1815278,0.08394692162853293
2021,RR,30728,652713,0.047077352527067795
2021,RS,2531738,11466630,0.22079181067148762
2021,SC,1576236,7338473,0.21479073371258572
2021,SE,321155,2338474,0.13733528788432114
2021,SP,17661188,46649132,0.3785962834206647
2021,TO,114752,1607363,0.07139146540016163
2022,AC,42853,830018,0.051629000816849756
2022,AL,387358,3127683,0.12384822886462599
2022,AM,578585,3941613,0.14678889074092255
2022,AP,61851,733759,0.08429334427243823
2022,BA,1664189,14141626,0.11768017341145919
2022,CE,1348667,8794957,0.15334549105811432
2022,DF,934221,2817381,0.33159199980407333
2022,ES,1238389,3833712,0.3230260906400898
2022,GO,1304643,7056495,0.1848854140759683
2022,MA,502002,6776699,0.07407765934417332
2022,MG,5535701,20539989,0.2695084695517607
2022,MS,640355,2757013,0.2322640480839227
2022,MT,652251,3658649,0.17827646215857273
2022,PA,850152,8120131,0.10469683309296365
2022,PB,444619,3974687,0.11186264478184069
2022,PE,1391035,9058931,0.1535539899796124
2022,PI,384848,3271199,0.11764738250409101
2022,PR,3053925,11444380,0.2668493181806266
2022,RJ,5537778,16055174,0.34492170561340535
2022,RN,596744,3302729,0.1806820965328975
2022,RO,154311,1581196,0.09759131695248408
2022,RR,31735,636707,0.04984239218353183
2022,RS,2573634,10882965,0.23648279673783754
2022,SC,1636674,7610361,0.21505865490480675
2022,SE,329518,2210004,0.14910289755131664
2022,SP,18011455,44411238,0.40556075018669824
2022,TO,120694,1511460,0.07985259285723738
2023,AC,43754,830018,0.05271451944415663
2023,AL,388137,3127683,0.12409729502638214
2023,AM,590905,3941613,0.14991451469233535
2023,AP,61977,733759,0.08446506277946847
2023,BA,1691363,14141626,0.11960173462372714
2023,CE,1430579,8794957,0.16265901015775291
2023,DF,940747,2817381,0.3339083354363503
2023,ES,1285988,3833712,0.33544199459949
2023,GO,1336469,7056495,0.18939558520200184
2023,MA,516798,6776699,0.07626102325040554
2023,MG,5679566,20539989,0.2765126115695583
2023,MS,661031,2757013,0.23976346865248732
2023,MT,672137,3658649,0.18371180181536956
2023,PA,873100,8120131,0.1075228958744631
2023,PB,459199,3974687,0.1155308581531074
2023,PE,1415226,9056843,0.15626040994637977
2023,PI,402106,3271199,0.12292312390655537
2023,PR,3096916,11444380,0.2706058344794563
2023,RJ,5666230,16055174,0.3529223663349896
2023,RN,610704,3302729,0.1849089041214099
2023,RO,155241,1581196,0.09817947933083565
2023,RR,31046,636707,0.04876026178446287
2023,RS,2607382,10882965,0.23958378989549264
2023,SC,1666014,7610361,0.21891392537095153
2023,SE,332368,2210004,0.15039248797739732
2023,SP,18033974,44411238,0.40606780653131086
2023,TO,124018,1511460,0.08205179098355232
2024,AC,44977,880631,0.05107360517628837
2024,AL,388720,3220104,0.12071659797323317
2024,AM,657184,4281209,0.15350430217258723
2024,AP,63359,802837,0.07891888390794147
2024,BA,1733006,14850513,0.11669670939987056
2024,CE,1438473,9233656,0.15578585557010138
2024,DF,991695,2982818,0.33246916171217955
2024,ES,1333072,4102129,0.3249707651807147
2024,GO,1938929,7350483,0.2637825296650574
2024,MA,523093,7010960,0.07461075230781519
2024,MG,5813785,21322691,0.27265718947012835
2024,MS,682766,2901895,0.23528280657983835
2024,MT,680742,3836399,0.1774429614854972
2024,PA,905184,8664306,0.10447276446607495
2024,PB,471734,4145040,0.1138068631424546
2024,PE,1448083,9539029,0.15180612198579121
2024,PI,408554,3375646,0.12102987102320563
2024,PR,3154676,11824665,0.2667877694632364
2024,RJ,5587982,17219679,0.324511391879024
2024,RN,629442,3446071,0.18265497141527265
2024,RO,163532,1746227,0.09364876387777764
2024,RR,30873,716793,0.043071012133210004
2024,RS,2645051,11229915,0.23553615499315889
2024,SC,1707570,8058441,0.2118983063845724
2024,SE,338714,2291077,0.14784051343538432
2024,SP,18281718,45973194,0.3976603844405503
2024,TO,126694,1577342,0.08032119857329609
