fonte,ano,linhas
"SI-PNI · historical doses (aggregated)",1994,297923
"SI-PNI · historical doses (aggregated)",1995,528479
"SI-PNI · historical doses (aggregated)",1996,622560
"SI-PNI · historical doses (aggregated)",1997,836823
"SI-PNI · historical doses (aggregated)",1998,976481
"SI-PNI · historical doses (aggregated)",1999,1089998
"SI-PNI · historical doses (aggregated)",2000,1228897
"SI-PNI · historical doses (aggregated)",2001,1301177
"SI-PNI · historical doses (aggregated)",2002,1428694
"SI-PNI · historical doses (aggregated)",2003,1311805
"SI-PNI · historical doses (aggregated)",2004,4127645
"SI-PNI · historical doses (aggregated)",2005,4163143
"SI-PNI · historical doses (aggregated)",2006,4204085
"SI-PNI · historical doses (aggregated)",2007,4410151
"SI-PNI · historical doses (aggregated)",2008,4496855
"SI-PNI · historical doses (aggregated)",2009,4424978
"SI-PNI · historical doses (aggregated)",2010,4536143
"SI-PNI · historical doses (aggregated)",2011,5015163
"SI-PNI · historical doses (aggregated)",2012,5305844
"SI-PNI · historical doses (aggregated)",2013,5964560
"SI-PNI · historical doses (aggregated)",2014,6318142
"SI-PNI · historical doses (aggregated)",2015,6534711
"SI-PNI · historical doses (aggregated)",2016,7026478
"SI-PNI · historical doses (aggregated)",2017,7084726
"SI-PNI · historical doses (aggregated)",2018,7945858
"SI-PNI · historical doses (aggregated)",2019,2603737
"SI-PNI · vaccination microdata",2020,102423524
