sigla_uf,ano,nascidos_vivos,obitos_infantis,obitos_neonatais
AC,1996,14128,421,216
AL,1996,65208,1785,635
AM,1996,49108,1566,921
AP,1996,14033,360,260
BA,1996,198221,5092,2671
CE,1996,117251,4380,2212
DF,1996,46200,822,575
ES,1996,55593,1270,760
GO,1996,98768,1681,1048
MA,1996,61056,1069,719
MG,1996,175608,8019,4976
MS,1996,43480,1201,738
MT,1996,50051,935,565
PA,1996,99168,2196,1265
PB,1996,50009,1907,833
PE,1996,156502,6048,2974
PI,1996,39141,472,344
PR,1996,196262,4083,2426
RJ,1996,165192,6946,4541
RN,1996,57718,1346,664
RO,1996,32231,631,382
RR,1996,7378,237,136
RS,1996,182137,3330,1899
SC,1996,100308,1763,1009
SE,1996,42048,1176,792
SP,1996,698837,15710,10341
TO,1996,24042,578,361
AC,1997,14777,390,196
AL,1997,67081,1872,794
AM,1997,56064,1584,1013
AP,1997,14319,388,294
BA,1997,229178,4573,2620
CE,1997,135342,4332,2197
DF,1997,46345,827,552
ES,1997,60167,1159,754
GO,1997,100158,1813,1183
MA,1997,75378,1213,773
MG,1997,191949,7348,4901
MS,1997,43419,1134,717
MT,1997,50329,930,570
PA,1997,109092,2406,1570
PB,1997,40412,1659,787
PE,1997,152920,5468,2918
PI,1997,32415,602,396
PR,1997,192754,3688,2312
RJ,1997,160937,6467,4428
RN,1997,57082,1278,729
RO,1997,30068,764,504
RR,1997,8101,149,88
RS,1997,180759,2874,1793
SC,1997,97710,1704,1030
SE,1997,42408,1097,782
SP,1997,701793,15159,10273
TO,1997,25557,522,306
AC,1998,13291,463,252
AL,1998,65326,2987,1176
AM,1998,57177,1700,1059
AP,1998,14450,329,258
BA,1998,234593,5199,2881
CE,1998,139729,4147,1988
DF,1998,48159,796,585
ES,1998,58513,1177,741
GO,1998,99506,1784,1187
MA,1998,79269,1501,900
MG,1998,294988,6839,4377
MS,1998,41902,1058,645
MT,1998,49040,1061,654
PA,1998,116548,2690,1647
PB,1998,52275,1565,752
PE,1998,161244,5451,2620
PI,1998,46751,640,430
PR,1998,185374,3889,2319
RJ,1998,155905,5827,3907
RN,1998,57393,1254,676
RO,1998,30957,837,560
RR,1998,8218,178,89
RS,1998,177534,3071,1784
SC,1998,96098,1634,1007
SE,1998,41522,1313,783
SP,1998,693355,13756,9278
TO,1998,25665,544,318
AC,1999,14939,334,215
AL,1999,65517,2047,868
AM,1999,62037,1848,1119
AP,1999,13592,356,271
BA,1999,242702,5574,3525
CE,1999,143101,4109,2025
DF,1999,49347,784,536
ES,1999,60800,1051,677
GO,1999,93992,1602,1098
MA,1999,96568,1543,884
MG,1999,307751,6495,4415
MS,1999,41858,1041,658
MT,1999,48933,1043,671
PA,1999,127414,2939,2002
PB,1999,54509,1405,735
PE,1999,164601,5333,2726
PI,1999,49433,787,515
PR,1999,186674,3637,2389
RJ,1999,268211,5616,3923
RN,1999,57937,1273,876
RO,1999,31077,739,494
RR,1999,9669,206,105
SC,1999,98847,1616,1041
SE,1999,41118,1297,846
SP,1999,714428,12796,8822
TO,1999,26496,527,321
AC,2000,15228,462,254
AL,2000,65763,1952,1049
AM,2000,67646,1858,1158
AP,2000,14238,301,245
BA,2000,239530,6098,3638
CE,2000,143393,3694,2147
DF,2000,47991,654,447
ES,2000,58380,1021,648
GO,2000,94746,1415,924
MA,2000,100811,1816,998
MG,2000,300957,5856,3913
MS,2000,40490,919,593
MT,2000,49478,1046,678
PA,2000,126340,3024,1947
PB,2000,57427,1771,948
PE,2000,163405,4628,2482
PI,2000,58615,1308,844
PR,2000,179462,3299,2100
RJ,2000,259118,4856,3271
RN,2000,56444,1142,678
RO,2000,31307,709,489
RR,2000,9744,171,97
RS,2000,176719,2676,1686
SC,2000,94828,1403,820
SE,2000,40716,1092,697
SP,2000,687779,11917,8032
TO,2000,26205,538,303
AC,2001,14899,338,197
AL,2001,67805,2098,1067
AM,2001,70252,1602,979
AP,2001,14609,321,239
BA,2001,235725,5458,3436
CE,2001,149067,3044,1791
DF,2001,46891,666,465
ES,2001,57092,951,583
GO,2001,92979,1308,891
MA,2001,108527,2076,1154
MG,2001,298538,5182,3405
MS,2001,40070,892,573
MT,2001,47575,944,642
PA,2001,134742,3056,2003
PB,2001,64957,1271,769
PE,2001,164104,4106,2282
PI,2001,58588,1217,791
PR,2001,167270,2708,1705
RJ,2001,242360,4145,2819
RN,2001,53526,979,641
RO,2001,28236,632,418
RR,2001,9600,154,87
RS,2001,160590,2477,1545
SC,2001,88097,1250,783
SE,2001,39842,1185,741
SP,2001,632481,10426,7071
TO,2001,27050,529,297
AC,2002,15841,324,179
AL,2002,64457,1872,1005
AM,2002,70671,1502,856
AP,2002,14196,334,240
BA,2002,237375,5153,3384
CE,2002,143242,3302,2003
DF,2002,45799,584,404
ES,2002,55076,830,587
GO,2002,93897,1399,943
MA,2002,117917,2306,1341
MG,2002,284558,4701,3241
MS,2002,39933,749,454
MT,2002,47564,894,592
PA,2002,136000,2819,1746
PB,2002,64006,1351,803
PE,2002,156053,3773,2085
PI,2002,56332,1216,783
PR,2002,165125,2539,1669
RJ,2002,232232,3910,2694
RN,2002,53250,1040,657
RO,2002,29236,579,373
RR,2002,8990,113,70
RS,2002,155261,2296,1364
SC,2002,85730,1195,737
SE,2002,37085,1005,680
SP,2002,623302,9030,6112
TO,2002,26274,482,285
AC,2003,15986,301,172
AL,2003,63032,1650,807
AM,2003,70751,1430,801
AP,2003,14764,286,209
BA,2003,239017,5293,3489
CE,2003,140083,3345,2048
DF,2003,46097,554,382
ES,2003,53417,816,526
GO,2003,92003,1352,945
MA,2003,127920,2338,1289
MG,2003,284904,4578,3070
MS,2003,39248,742,450
MT,2003,48539,842,551
PA,2003,144812,3047,1958
PB,2003,64115,1330,804
PE,2003,151677,3715,2013
PI,2003,55105,1173,752
PR,2003,157333,2375,1509
RJ,2003,232255,3848,2597
RN,2003,52312,830,526
RO,2003,28809,573,392
RR,2003,10160,151,77
RS,2003,149165,2259,1338
SC,2003,83177,1080,676
SE,2003,36884,891,553
SP,2003,610531,8897,5909
TO,2003,26053,478,275
AC,2004,16584,332,170
AL,2004,59258,1381,739
AM,2004,71345,1272,687
AP,2004,13971,292,240
BA,2004,234454,5154,3595
CE,2004,137335,2944,1900
DF,2004,45593,605,386
ES,2004,53243,741,467
GO,2004,91210,1369,931
MA,2004,126518,2098,1227
MG,2004,277691,4268,2903
MS,2004,41567,826,495
MT,2004,51205,901,580
PA,2004,142894,2988,1920
PB,2004,62200,1224,767
PE,2004,149631,3194,1822
PI,2004,54747,1040,701
PR,2004,159636,2277,1481
RJ,2004,229901,3747,2503
RN,2004,50805,861,565
RO,2004,28926,541,364
RR,2004,9742,180,91
RS,2004,153015,2183,1404
SC,2004,85475,1073,665
SE,2004,35827,783,525
SP,2004,618067,8475,5642
TO,2004,25673,444,269
AC,2005,17482,350,176
AL,2005,60662,1393,808
AM,2005,73488,1248,676
AP,2005,14205,274,229
BA,2005,231064,5018,3471
CE,2005,140035,2565,1672
DF,2005,45917,578,365
ES,2005,52399,765,494
GO,2005,91512,1261,855
MA,2005,130266,2348,1337
MG,2005,277467,4154,2809
MS,2005,41424,744,470
MT,2005,52410,890,547
PA,2005,145539,2880,1828
PB,2005,64294,1117,697
PE,2005,152095,3056,1856
PI,2005,56866,1091,750
PR,2005,160322,2158,1446
RJ,2005,223093,3371,2298
RN,2005,52330,801,548
RO,2005,28081,485,326
RR,2005,9693,166,86
RS,2005,147199,1915,1252
SC,2005,84584,948,614
SE,2005,37370,844,548
SP,2005,618868,7845,5199
TO,2005,26368,414,237
AC,2006,16446,332,169
AL,2006,57510,1199,706
AM,2006,75576,1314,746
AP,2006,14712,311,284
BA,2006,220153,4568,3223
CE,2006,135018,2357,1505
DF,2006,45150,539,361
ES,2006,51449,753,496
GO,2006,87465,1213,809
MA,2006,127717,2158,1292
MG,2006,266138,4105,2750
MS,2006,39515,723,473
MT,2006,49521,775,485
PA,2006,150196,2863,1905
PB,2006,60230,1047,730
PE,2006,146103,2556,1595
PI,2006,55340,1018,714
PR,2006,153596,2044,1381
RJ,2006,218426,3163,2119
RN,2006,48121,673,436
RO,2006,24922,452,324
RR,2006,9592,190,102
RS,2006,141331,1743,1133
SC,2006,84133,989,671
SE,2006,37061,749,519
SP,2006,603344,7711,5106
TO,2006,26026,434,245
AC,2007,16182,354,214
AL,2007,57406,1201,761
AM,2007,73462,1180,686
AP,2007,14425,295,254
BA,2007,220395,4117,2982
CE,2007,133839,2071,1362
DF,2007,44098,451,310
ES,2007,51019,680,454
GO,2007,85153,1135,764
MA,2007,127306,2069,1331
MG,2007,259498,3639,2483
MS,2007,38621,714,446
MT,2007,47381,730,473
PA,2007,150146,2675,1762
PB,2007,59456,1057,753
PE,2007,143095,2512,1566
PI,2007,53213,965,677
PR,2007,147553,1833,1226
RJ,2007,216866,3055,2036
RN,2007,48065,745,506
RO,2007,22994,426,268
RR,2007,9582,153,89
RS,2007,133400,1641,1047
SC,2007,81903,972,634
SE,2007,35800,630,427
SP,2007,595212,7381,4869
TO,2007,25011,408,244
AC,2008,17994,306,170
AL,2008,58076,1044,674
AM,2008,75028,1185,694
AP,2008,15105,332,257
BA,2008,221693,3792,2648
CE,2008,133916,2013,1334
DF,2008,44173,484,308
ES,2008,51852,699,472
GO,2008,87428,1144,761
MA,2008,128301,2016,1336
MG,2008,260908,3573,2475
MS,2008,41228,629,413
MT,2008,49791,749,474
PA,2008,151261,2641,1774
PB,2008,61963,1003,677
PE,2008,145194,2331,1472
PI,2008,52664,897,638
PR,2008,151092,1878,1290
RJ,2008,215831,2972,1946
RN,2008,49806,685,475
RO,2008,26790,412,265
RR,2008,10103,162,94
RS,2008,135143,1649,1105
SC,2008,85262,943,637
SE,2008,36633,606,424
SP,2008,601789,7174,4769
TO,2008,25712,369,224
AC,2009,16892,315,178
AL,2009,55471,1037,633
AM,2009,75727,1203,748
AP,2009,14298,308,225
BA,2009,217711,3684,2510
CE,2009,131393,1913,1292
DF,2009,43932,475,334
ES,2009,51449,574,383
GO,2009,87456,1110,745
MA,2009,123626,1961,1317
MG,2009,252668,3280,2254
MS,2009,40273,680,422
MT,2009,48477,752,458
PA,2009,143138,2525,1747
PB,2009,60021,864,606
PE,2009,141815,2272,1491
PI,2009,50995,829,583
PR,2009,149212,1722,1166
RJ,2009,216605,2984,1936
RN,2009,48926,594,405
RO,2009,26080,430,284
RR,2009,9673,174,94
RS,2009,133652,1467,969
SC,2009,83488,886,572
SE,2009,35109,541,347
SP,2009,598467,7110,4818
TO,2009,24908,397,232
AC,2010,16495,278,172
AL,2010,54164,877,580
AM,2010,74186,1102,634
AP,2010,15007,270,185
BA,2010,212193,3430,2432
CE,2010,128827,1564,1081
DF,2010,44245,512,361
ES,2010,51850,581,403
GO,2010,87467,1039,724
MA,2010,119562,1756,1179
MG,2010,255115,3049,2087
MS,2010,40131,580,366
MT,2010,48927,688,430
PA,2010,140686,2378,1644
PB,2010,58699,809,572
PE,2010,136591,1932,1307
PI,2010,49424,776,549
PR,2010,152049,1702,1198
RJ,2010,215246,2798,1806
RN,2010,47664,568,381
RO,2010,25835,455,311
RR,2010,9738,121,68
RS,2010,133243,1407,909
SC,2010,84611,829,555
SE,2010,34016,478,331
SP,2010,601345,6774,4507
TO,2010,24469,377,218
AC,2011,17817,246,140
AL,2011,54281,794,517
AM,2011,76186,1068,661
AP,2011,15114,295,206
BA,2011,215020,3254,2338
CE,2011,128589,1620,1073
DF,2011,43465,468,325
ES,2011,53043,590,410
GO,2011,89736,1158,810
MA,2011,121106,1800,1211
MG,2011,259855,3125,2173
MS,2011,42152,502,324
MT,2011,51216,687,443
PA,2011,141971,2325,1626
PB,2011,58740,798,548
PE,2011,140078,1821,1187
PI,2011,50144,778,557
PR,2011,152901,1643,1123
RJ,2011,220569,2868,1816
RN,2011,48085,565,366
RO,2011,27656,347,215
RR,2011,9942,115,71
RS,2011,137710,1480,979
SC,2011,87480,943,619
SE,2011,34925,527,354
SP,2011,610209,6716,4457
TO,2011,25033,360,188
AC,2012,16699,264,148
AL,2012,52510,767,484
AM,2012,77426,1175,671
AP,2012,14894,288,202
BA,2012,209990,3236,2325
CE,2012,126866,1487,1022
DF,2012,43497,470,334
ES,2012,52825,563,370
GO,2012,93265,1255,882
MA,2012,116036,1583,1068
MG,2012,260533,3023,2039
MS,2012,42252,515,317
MT,2012,51254,660,441
PA,2012,137833,2198,1475
PB,2012,56764,772,554
PE,2012,141381,1863,1262
PI,2012,47957,715,507
PR,2012,153945,1665,1129
RJ,2012,222837,2902,1855
RN,2012,46988,599,417
RO,2012,26511,347,220
RR,2012,10599,151,75
RS,2012,138941,1424,935
SC,2012,88772,867,598
SE,2012,34108,512,346
SP,2012,616596,6737,4511
TO,2012,24391,326,183
AC,2013,17075,266,165
AL,2013,52488,835,532
AM,2013,79023,1238,687
AP,2013,15709,294,213
BA,2013,203321,3114,2202
CE,2013,124874,1585,1102
DF,2013,44530,520,366
ES,2013,54061,554,364
GO,2013,94810,1231,834
MA,2013,114996,1765,1222
MG,2013,258626,2904,1989
MS,2013,42296,488,285
MT,2013,53033,713,455
PA,2013,139408,2134,1406
PB,2013,56854,787,527
PE,2013,141451,1835,1209
PI,2013,46417,683,478
PR,2013,155754,1556,1034
RJ,2013,224008,2768,1762
RN,2013,46797,631,418
RO,2013,27079,358,215
RR,2013,10806,172,85
RS,2013,141350,1412,914
SC,2013,89874,865,553
SE,2013,34226,481,323
SP,2013,610881,6678,4433
TO,2013,24114,303,184
AC,2014,17139,275,144
AL,2014,51859,756,509
AM,2014,81122,1175,694
AP,2014,16271,282,180
BA,2014,204005,2996,2088
CE,2014,128681,1458,980
DF,2014,44721,450,319
ES,2014,56548,594,424
GO,2014,99787,1176,810
MA,2014,117069,1677,1138
MG,2014,267124,2761,1917
MS,2014,44058,532,338
MT,2014,56495,765,464
PA,2014,143501,2138,1461
PB,2014,57535,703,485
PE,2014,143488,1729,1158
PI,2014,47941,666,468
PR,2014,159913,1660,1148
RJ,2014,233569,2783,1864
RN,2014,48111,561,376
RO,2014,27556,380,238
RR,2014,11113,211,123
RS,2014,143315,1438,969
SC,2014,93232,853,570
SE,2014,34366,506,339
SP,2014,625672,6806,4564
TO,2014,24939,294,183
AC,2015,16980,275,161
AL,2015,52257,725,506
AM,2015,80079,1146,709
AP,2015,15747,235,144
BA,2015,206643,2838,2030
CE,2015,132515,1475,1021
DF,2015,46054,438,326
ES,2015,56941,610,406
GO,2015,100666,1143,818
MA,2015,117556,1641,1140
MG,2015,268291,2800,1913
MS,2015,44142,476,299
MT,2015,56671,709,452
PA,2015,143655,2035,1421
PB,2015,59089,636,439
PE,2015,145022,1731,1209
PI,2015,49249,659,461
PR,2015,160946,1639,1148
RJ,2015,236946,2793,1808
RN,2015,49098,621,423
RO,2015,27914,385,257
RR,2015,11409,179,108
RS,2015,148359,1405,970
SC,2015,97221,876,615
SE,2015,34917,478,332
SP,2015,634017,6416,4371
TO,2015,25106,304,196
AC,2016,15773,229,120
AL,2016,48163,658,436
AM,2016,76678,1118,655
AP,2016,15521,267,172
BA,2016,199816,2841,2027
CE,2016,126245,1477,990
DF,2016,43340,397,289
ES,2016,53412,570,375
GO,2016,95553,1151,802
MA,2016,110489,1512,993
MG,2016,253516,2674,1778
MS,2016,42432,493,294
MT,2016,53529,674,430
PA,2016,137679,2035,1401
PB,2016,56083,669,437
PE,2016,130727,1630,1088
PI,2016,46985,698,491
PR,2016,155065,1524,1035
RJ,2016,219124,2784,1710
RN,2016,45365,538,351
RO,2016,26600,327,216
RR,2016,11375,192,107
RS,2016,141411,1352,912
SC,2016,95312,760,529
SE,2016,32217,457,317
SP,2016,601421,6308,4254
TO,2016,23869,256,174
AC,2017,16358,208,130
AL,2017,50368,639,412
AM,2017,78049,1196,739
AP,2017,15399,289,176
BA,2017,204086,2764,2025
CE,2017,127797,1521,1009
DF,2017,44568,449,320
ES,2017,55846,545,380
GO,2017,97515,1057,725
MA,2017,112981,1622,1104
MG,2017,260957,2713,1859
MS,2017,44747,429,303
MT,2017,57268,651,423
PA,2017,138682,2009,1409
PB,2017,57493,717,502
PE,2017,135906,1497,1027
PI,2017,48551,690,436
PR,2017,157693,1517,1065
RJ,2017,223216,2573,1716
RN,2017,46222,529,353
RO,2017,27503,331,208
RR,2017,11737,193,100
RS,2017,141567,1353,915
SC,2017,98334,887,637
SE,2017,33867,485,365
SP,2017,611798,6216,4236
TO,2017,24931,282,183
AC,2018,16543,255,159
AL,2018,52496,620,416
AM,2018,78062,1168,750
AP,2018,15864,276,185
BA,2018,205329,2802,1945
CE,2018,131491,1436,976
DF,2018,44195,405,302
ES,2018,56720,569,388
GO,2018,98866,1127,787
MA,2018,117149,1514,1007
MG,2018,263637,2627,1832
MS,2018,44275,459,295
MT,2018,58649,649,410
PA,2018,141818,1994,1341
PB,2018,60203,661,440
PE,2018,138285,1542,1033
PI,2018,49489,684,457
PR,2018,156201,1486,1053
RJ,2018,220481,2602,1662
RN,2018,48107,515,358
RO,2018,28089,335,207
RR,2018,13343,251,160
RS,2018,140047,1275,898
SC,2018,99609,862,600
SE,2018,34256,540,399
SP,2018,606142,6148,4130
TO,2018,25480,297,196
AC,2019,16280,246,118
AL,2019,49803,620,408
AM,2019,77610,1153,734
AP,2019,15356,284,177
BA,2019,197249,2657,1846
CE,2019,129185,1428,927
DF,2019,42422,323,228
ES,2019,54925,542,349
GO,2019,96108,1147,801
MA,2019,113309,1485,997
MG,2019,256890,2658,1802
MS,2019,43695,433,264
MT,2019,58852,694,438
PA,2019,138338,1936,1291
PB,2019,57701,695,461
PE,2019,133346,1478,1014
PI,2019,47931,661,413
PR,2019,153468,1464,1007
RJ,2019,207966,2560,1651
RN,2019,44031,497,314
RO,2019,27027,287,175
RR,2019,14620,252,131
RS,2019,134596,1346,943
SC,2019,98029,850,600
SE,2019,32697,525,359
SP,2019,583183,6020,4113
TO,2019,24447,256,153
AC,2020,15142,226,131
AL,2020,48341,542,369
AM,2020,75594,989,637
AP,2020,14633,259,183
BA,2020,188960,2424,1758
CE,2020,121904,1269,867
DF,2020,39361,340,243
ES,2020,53766,488,337
GO,2020,92767,954,667
MA,2020,106073,1331,929
MG,2020,247192,2316,1674
MS,2020,41308,410,273
MT,2020,57036,646,414
PA,2020,132937,1845,1233
PB,2020,56379,666,448
PE,2020,128470,1327,919
PI,2020,45225,561,354
PR,2020,146289,1251,882
RJ,2020,199110,2325,1572
RN,2020,43531,435,316
RO,2020,25798,317,215
RR,2020,13759,247,157
RS,2020,130742,1045,786
SC,2020,97914,836,624
SE,2020,31784,480,347
SP,2020,552307,5089,3509
TO,2020,23728,226,146
AC,2021,15698,279,184
AL,2021,48808,649,446
AM,2021,78428,1153,782
AP,2021,14993,299,195
BA,2021,185455,2747,2040
CE,2021,120265,1284,877
DF,2021,38035,399,292
ES,2021,52492,586,416
GO,2021,90958,1094,803
MA,2021,108664,1455,1026
MG,2021,242134,2568,1857
MS,2021,42173,448,289
MT,2021,57840,728,504
PA,2021,137128,2013,1396
PB,2021,56044,700,512
PE,2021,126191,1558,1119
PI,2021,45975,623,426
PR,2021,141975,1338,934
RJ,2021,189854,2399,1642
RN,2021,43430,524,368
RO,2021,25435,314,207
RR,2021,13901,269,150
RS,2021,124446,1188,884
SC,2021,96496,889,645
SE,2021,31206,433,314
SP,2021,525233,5436,3809
TO,2021,23747,295,201
AC,2022,14454,205,108
AL,2022,45737,524,336
AM,2022,72318,1010,575
AP,2022,13608,225,139
BA,2022,173727,2448,1731
CE,2022,112240,1228,809
DF,2022,35926,311,214
ES,2022,51725,498,318
GO,2022,89716,1039,670
MA,2022,97877,1395,905
MG,2022,234891,2379,1661
MS,2022,40486,461,261
MT,2022,58161,748,466
PA,2022,127571,1789,1167
PB,2022,50890,695,461
PE,2022,117411,1438,933
PI,2022,42172,626,387
PR,2022,140599,1373,925
RJ,2022,180269,2174,1341
RN,2022,40045,390,271
RO,2022,24898,321,199
RR,2022,13040,199,97
RS,2022,120940,1173,798
SC,2022,98148,892,604
SE,2022,28523,478,315
SP,2022,512333,5484,3587
TO,2022,22546,261,171
