indicador,n,spearman_bruto,beta_dlula_pp_por_dp,p_dlula,beta_dmargem_dir,p_dmargem,p_dlula_adj,p_dmargem_adj
nbf_share_dom,5555,0.3168001726479251,1.227322646611588,1.592963806621656e-52,2.410549079585858,8.968875210667747e-57,1.2425117691648917e-50,6.995722664320843e-55
pdm_share,5547,0.3189654810208524,0.9550114159121719,3.3501777231798075e-31,1.8124267277077144,7.459076220417547e-32,5.2262772481605e-30,1.0578326276228521e-30
rais_share_publico,5570,0.14085576930887675,0.9043512607164366,2.965850523830841e-52,1.5476219552698458,2.1744249242596307e-43,1.5422422723920373e-50,6.784205763690049e-42
c22_share_branca,5570,-0.2806896035904578,-0.8937351914198303,1.1194334280225929e-26,-2.0780167408639247,2.0229869692024263e-42,1.4552634564293707e-25,5.259766119926308e-41
rais_div_84,5570,0.13963431618257444,0.8198101695015778,7.049803848720911e-45,1.392545894435086,1.1134049403587112e-36,1.3747117505005778e-43,1.7369117069595898e-35
rais_sec_O_adm_publica,5570,0.13963431618257444,0.8198101695015778,7.049803848720911e-45,1.392545894435086,1.1134049403587112e-36,1.3747117505005778e-43,1.7369117069595898e-35
log_densidade,5570,0.34488932103771053,0.8130428129917321,6.315346259496929e-47,1.41529558982015,4.011654051235616e-41,1.670978333620938e-45,7.997115893988709e-40
share_agro,5570,-0.4297037249374872,-0.72470808537733,4.801339513856689e-49,-1.391929213470139,5.812562968428895e-52,1.8725224104041088e-47,3.0225327435830255e-50
log_area,5570,-0.035127161951423375,-0.7178727043103036,6.426839744695915e-47,-1.2495900598159158,4.101085073840363e-41,1.670978333620938e-45,7.997115893988709e-40
log_pop,5570,0.3605975162446923,0.6677654086713692,2.4782887797425995e-86,1.0535060281493591,1.2698985452624081e-61,3.8661304963984553e-84,1.9810417306093568e-59
pix_ticket_pf,5570,-0.39534896595979707,-0.6510969442001395,6.72592663904182e-39,-1.310771619875321,1.468087222253869e-44,1.165827284100582e-37,5.72554016679009e-43
share_nome_top,5565,0.005314272545476807,0.5911921406899948,1.4149364497524201e-18,0.8662637826220165,1.2295741707406995e-11,1.1617372955861975e-17,8.339720462415179e-11
credito_pc,5456,-0.53379064097514,-0.5729634615289859,3.3622527473554425e-22,-1.0908428405943438,2.3602561948862443e-22,3.49674285724966e-21,2.454666442681694e-21
c22_share_60mais,5570,-0.23043910392001182,0.5713702651588168,2.0617770031770292e-26,0.8492032610535718,7.85602315527179e-17,2.474132403812435e-25,6.450208485381049e-16
rais_sec_A_agro,5570,-0.35226754430382484,-0.48797902713433217,1.3841260082023897e-28,-0.8693741710773882,5.819952697202966e-26,1.962942338905207e-27,7.565938506363855e-25
rais_div_01,5570,-0.346932690353615,-0.46171842221298215,6.225417778398818e-25,-0.8119837755330808,4.095817064975418e-22,6.936894095930112e-24,3.7585144831539125e-21
div_nomes,5565,-0.4369629667547076,-0.46018141322043077,4.063650010068361e-11,-0.6454907515755894,1.1652473676636627e-06,2.4381900060410167e-10,4.783647088303457e-06
agro_1000dom,5570,-0.3450561954482788,-0.4574965460146302,4.8917337183099785e-21,-0.8965304360958557,1.1907218272251928e-22,4.7694403753522294e-20,1.326804321765215e-21
defeso_share,3860,0.07851552512133735,0.4456062017870012,8.341546499417096e-21,0.8538917269725825,3.9891865048551193e-22,7.654595611229806e-20,3.7585144831539125e-21
c22_analfabetismo_15mais,5570,0.21230608953452004,0.43479821447202605,3.8112530718820987e-07,0.7621410891623287,2.0501118302493e-06,1.5245012287528395e-06,7.99543613797227e-06
c22_share_preta,5570,0.2126441550527738,0.42804294971414175,5.487013408254604e-20,0.8918672414185432,1.3599207910284591e-24,4.755411620487323e-19,1.631904949234151e-23
templos_1000dom,5570,0.06183798309084867,0.4236370849994893,2.1990583000990932e-18,0.7965429373009795,6.501566838638341e-18,1.7152654740772928e-17,5.634691260153229e-17
c22_razao_homens,5570,-0.30374813285043434,-0.4160458746318942,1.3286159045177748e-11,-0.7180768690098147,1.4612199535459076e-09,8.290563244190914e-11,7.951552468738052e-09
autos_100k,4340,-0.1119872215050777,-0.3873923842333528,1.6425219106931189e-09,-0.6890455852977301,2.7446394366688053e-09,8.007294314628955e-09,1.3811733939365601e-08
deter_share_area,1430,0.023607820542974008,-0.3705798076627531,9.196703976348964e-06,-0.6122867686081082,7.515020260164248e-05,3.11888221806617e-05,0.00022987120795796523
entrantes_share_nao_local,2389,-0.15110687350074573,-0.353206420602304,2.2357418701571856e-09,-0.7224358579890076,8.599404382444659e-11,1.0568961568015787e-08,5.589612848589028e-10
pib_pc,5570,-0.32636209655748033,-0.3300963548728956,3.96007200485747e-13,-0.6325616860429419,8.683895556572549e-13,2.9417677750369778e-12,6.450893842025322e-12
rais_div_45,5570,-0.0542700009672836,-0.31654384217452897,7.221617216723373e-08,-0.5879034968483653,1.770920832626133e-08,3.0447899616455303e-07,8.125401467343433e-08
gap_sexo,5570,-0.18244351244511503,-0.30073192691618317,5.194828014265344e-13,-0.5614652744087154,4.618183628869143e-13,3.683605319206335e-12,3.602183230517932e-12
ivs_2010,5565,0.24970598857451498,0.2983014896582402,9.12823586988265e-06,0.5768817200675492,4.69884078663724e-06,3.11888221806617e-05,1.7878516163790472e-05
credito_ha,5456,-0.31249400063301264,-0.2955617025417327,1.0000324938859664e-11,-0.5233765840796165,4.758321526467913e-10,6.50021121025878e-11,2.749252437514794e-09
formalidade,5570,-0.21257115642380014,-0.2861206403527837,3.869932097719703e-10,-0.5209400901205292,1.4781732153423302e-09,1.9474497007879795e-09,7.951552468738052e-09
rais_vinc_pc,5570,-0.17644753712878233,-0.2847123924913341,2.6080879005478473e-10,-0.5046713625043084,2.655177840077946e-09,1.4029714223636695e-09,1.3806924768405317e-08
c22_share_indigena,4825,0.049399081049651274,0.2794561583148294,8.940908264377261e-09,0.5602835366275233,3.419179150065109e-09,3.9850905406938646e-08,1.6668498356567407e-08
transito_100k,5570,-0.1519534147065291,-0.2649115460241842,3.727550205525442e-10,-0.4509636203853058,1.0342531431377995e-08,1.9383261068732297e-09,4.8891966766514155e-08
ideb,5241,-0.2298525533431879,-0.2605031690297977,4.3708611108208555e-08,-0.5596998302128803,1.3348989463605877e-10,1.8940398146890373e-07,8.329769425290067e-10
caged_pc_2017_2021,5567,-0.17104681742796432,-0.2583819777531989,2.920270704427119e-09,-0.45610797038936557,7.796212165182734e-08,1.339888911443031e-08,3.474883136481447e-07
rais_sec_G_comercio,5570,-0.02100112341431295,-0.2547954277287079,6.308178712506018e-11,-0.47115386420326844,1.7804968096244487e-10,3.5145567112533527e-10,1.0682980857746693e-09
rais_div_46,5570,-0.11198463952283981,-0.24263005465243934,5.788077318399998e-12,-0.47833368860419095,3.938367885848055e-12,3.925826355088694e-11,2.792660864510439e-11
gd_por_domicilio,5566,-0.29447918392409533,-0.22299064085583042,2.7425648466671913e-05,-0.26782446586051784,0.003057674034711852,8.389021883923173e-05,0.007571383324048396
cobertura_pop_4g5g,5570,0.1481330942941568,0.21857556287556346,2.324087012846801e-05,0.4265156891920418,1.3563850342974798e-05,7.399134163349e-05,4.5999144641392794e-05
mides_jaccard_credor,3054,0.059240246678998874,-0.21718249963605385,0.021731213316706906,-0.33849577973047795,0.06265860683085836,0.041852707128472555,0.10741475456718576
rais_div_64,5570,-0.22086201783168222,-0.21198716179872365,0.0002760068674269283,-0.4533716560448194,6.431349652640564e-05,0.0007297808698067934,0.00020065810916238555
infec_100k,5570,-0.030192419966190966,0.2055247431427048,1.0345824025862395e-06,0.38140765118888387,1.3311502829392983e-06,4.034871370086334e-06,5.324601131757193e-06
suic_100k,5570,-0.2071952646151677,-0.2015326203300969,2.4400622189546066e-07,-0.3770255932941356,6.163769699274437e-07,1.0017097530445228e-06,2.5987785759103032e-06
rais_hhi_cbo_fem,5570,0.04504441152097315,0.19908807060732187,3.9166758639302915e-06,0.370857204920335,6.572119862497858e-06,1.454765320888394e-05,2.3843039501155017e-05
share_serv,5570,0.15062853185575614,0.19881659063786855,8.862325244068417e-05,0.38173648854028186,0.0001032655732481062,0.0002468790603704773,0.00030979671974431866
pix_penetracao,5570,0.16990514251090227,0.1890282962306209,4.695148730661128e-05,0.3466820454410692,9.668729260028927e-06,0.0001331714912696611,3.4280040103738923e-05
c22_share_parda,5570,0.23586318093601732,0.17988454795828318,0.028690751715446123,0.5993569485505976,0.0001364671526283385,0.05144548583459305,0.00039423844092631124
cresc_pop,5565,0.051047423496715344,-0.17709821177797203,2.2989976486679713e-05,-0.21990409201370775,0.006563914344231385,7.399134163349e-05,0.01462815196714423
share_credor_local,3063,-0.06823248830513881,-0.17684969839767886,0.0011186661031735707,-0.1881255003663401,0.0683918316198367,0.0026847986476165697,0.11596875796407091
rais_sec_K_financeiro,5570,-0.18617464942238265,-0.17305607143185314,0.00026519399048496845,-0.39983355217797134,1.873599837735769e-05,0.0007132803882009496,6.218756908229361e-05
vac_polio,5570,-0.19396008056890476,-0.17217152908631908,1.1611721701842795e-06,-0.303997102490126,5.974430175428197e-06,4.418118501188966e-06,2.2190740651590446e-05
caged_pc_2020,5559,-0.1430055281882922,-0.1645606973265407,2.689738685090594e-05,-0.3192850874221931,2.0062846350949948e-05,8.389021883923173e-05,6.520425064058733e-05
fef_share_grave,1352,0.1592334969466868,-0.15956602155190713,0.02675424826997601,-0.27460996605118493,0.04257192155331416,0.04853096197809602,0.07704823483776943
d_ivs,5565,0.0529687779345659,0.15711193598347467,3.212615831379092e-05,0.2578185054411522,0.00024024452522931907,9.637847494137276e-05,0.0006692526059959603
cfem_pc,3217,-0.09961833768777646,-0.15359212038946427,5.0173398466745724e-11,-0.26524431114030966,2.2508735919141265e-07,2.8989074669675307e-10,9.753785564961215e-07
fibra,5570,0.024881638154404244,-0.1508353494115892,0.00075026550855697,-0.2511135604442458,0.002631258202372193,0.0018877648279820537,0.006620585154355841
ibc,5570,0.02783704861781352,0.14532274707724022,0.008758724493664822,0.22419659314527857,0.0316305382096757,0.018415261449976485,0.06091807358900505
caged_pc_2022_2024,5570,-0.025686132323486544,-0.14508681760956682,4.510476993164784e-05,-0.24515807584249588,0.00019675446302442473,0.0001303026686914271,0.0005580672042147319
entrantes_share_sancionado,2389,-0.0748532734858442,-0.13777404027791126,0.008853491081719464,-0.2694962251607172,0.006438746793921426,0.018415261449976485,0.014557166664518008
pbf_2019_2006,5564,0.2993540482624673,0.13674712638679926,0.013355717645504075,0.31814801589404673,0.0040973403411641495,0.026373315856944756,0.009684622624569808
rais_sec_C_transformacao,5570,-0.09529654845542976,-0.13218694928633026,0.0003067848732513291,-0.14955224033412096,0.03395099976119769,0.0007976406704534556,0.06458970686276634
pix_razao_rec_pag,5570,-0.10051271313975514,-0.1308632754396112,0.003705171196529423,-0.2482344013472233,0.006081143683231436,0.008257238666551285,0.013950859038001528
taxa_aprovacao,5317,-0.15857259069102983,-0.1289391410625193,0.007208475260831028,-0.20874003513983763,0.01859107755567604,0.015404412886159458,0.038160632877440294
rais_div_49,5570,-0.12187917539083991,-0.12290647504053567,0.0005667543973636251,-0.21097624338687881,0.0016511960731408046,0.0014494046883397626,0.004293109790166091
relig_100k,5570,-0.0650273659566449,0.12189979277495383,0.005394396313913284,0.19709509819372947,0.00914823282642536,0.01168785868014545,0.0201003425482022
rais_div_53,5570,0.08415798382413618,0.11781377344848237,0.00022173991795970392,0.21113580170840357,0.00027375749609663335,0.000606867143889716,0.0007395423922479691
rais_div_93,5570,0.12144577746756113,0.11767203772725254,7.233163551603444e-06,0.21402279028783935,3.542087088492641e-05,2.5644852592048574e-05,0.0001127684868989494
rais_sec_R_artes,5570,0.12334180840995383,0.11643013796487,6.002178607168887e-06,0.2212196876640214,1.2205433306763113e-05,2.1775345644612704e-05,4.231216879677879e-05
obras_1000dom,5570,0.23966468648737468,0.1132368311675557,0.010129183037396475,0.2697251875773344,0.0012064230705671848,0.020552904197626082,0.0031898643899742514
rais_div_25,5570,-0.030574343228184645,0.11144754394477163,3.373722615665476e-05,0.21467914062859192,0.00027495806891270644,9.930202415921024e-05,0.0007395423922479691
cob_priv,5565,-0.0783747973371717,0.11104148035952897,0.023766099932475457,0.11186449434078048,0.2216664950441214,0.044668814330917725,0.32018493728595315
rais_div_47,5570,0.03618381976289578,-0.10668788545576713,0.004392059574680224,-0.18111817860749996,0.010181838745780696,0.009650159065494577,0.021758449922490253
c22_share_0a14,5570,0.2029420618424253,-0.10500145590076339,0.1197192873617717,0.0009497178972574793,0.994030366009928,0.17292785952255912,0.9953928258129494
rais_div_69,5570,-0.09527038547238258,-0.10195876499898324,0.02217034944290898,-0.18083792290411724,0.02975928942211566,0.042177737964558544,0.05803061437312554
rais_div_22,5570,0.13666944293940467,0.09962928694498072,2.276072449343542e-05,0.1821652293583767,0.00012989137846553772,7.399134163349e-05,0.00038232179321931854
rais_div_10,5570,-0.04839182020950558,-0.09762696930271766,0.0014949797605261213,-0.10894103034847474,0.059458390181161114,0.003533588524879923,0.10306120964734594
sih_share_retencao,3179,-0.06990242433268692,-0.09123912461547973,0.03870174155395943,-0.19079436508687303,0.022281648892159302,0.06708301869352969,0.044563297784318605
sih_valor_aih_mediano,3179,0.13642674622985296,0.08939311580579148,0.025284839570838498,0.17727513619672802,0.02064918838437998,0.04640511733000948,0.041834719324198404
rais_div_77,5570,0.12494822761907717,-0.08811053414608624,0.0025733999755383377,-0.15413098569794834,0.0035541537824107638,0.005991796957969861,0.008529969077785833
rais_sec_E_saneamento,5570,0.1365598005732387,0.08532241463715312,0.0010203283671585135,0.16212138740122423,0.003279639543295558,0.0025265273853448903,0.007994121386782923
rais_div_94,5570,-0.028736302440943693,0.08522707510686595,0.0011111837829959048,0.1382159257286311,0.005406376060633656,0.0026847986476165697,0.012587980081475379
rais_sec_H_transporte,5570,-0.10524938016692315,-0.08136101536147862,0.01954907390033722,-0.140575921913615,0.03481872065054478,0.038120694105657583,0.06544241471668658
rais_sec_M_profissional,5570,-0.0038584969541779605,-0.0807532764924148,0.010144702712930824,-0.1608408348606885,0.010797442487872412,0.020552904197626082,0.02254481374637635
rais_sec_S_outros_serv,5570,0.0016028655994918724,0.07917822641128365,0.0027585747146051777,0.13172554664990757,0.009438513163122683,0.006328494933505996,0.020450111853432477
comercio_por_dom,5570,0.061577912737425945,-0.07713930329573057,0.037246725641353264,-0.13457785242444664,0.05473425103021814,0.06528639550619224,0.09593868719903405
fef_montante_pc,1352,0.1373701167963983,0.0758477284356669,0.2585422925192087,0.1425273301217687,0.23467096351072692,0.35241961109788666,0.3328060937061218
rais_sec_B_extrativa,5570,-0.010995851597831072,-0.07374771670556962,0.024986294784467723,-0.11517940915948376,0.0433544845579945,0.04640311888544006,0.07704823483776943
sanc_100k,1483,-0.29923943309031265,0.07269021591828073,0.3624340301068548,0.08324600799358772,0.6071037138237262,0.46075455775640956,0.6913005792445349
saude_1000dom,5570,-0.06514716335157265,0.07160657880152332,0.05380603582780981,0.0976636657796701,0.18645678574098956,0.08743480822019094,0.2744080997697582
reclam_100k,5563,0.026349902984493127,0.06945196638823478,0.26468568128205516,0.13233301064501585,0.17693762499432442,0.35595660586207417,0.2628787571344248
rais_div_62,5570,0.14653285354244583,0.06917412326832457,0.010296325648893415,0.09811513949635316,0.010838852762680937,0.02059265129778683,0.02254481374637635
ip_100k,5570,0.13540961680523458,0.06849032835264068,0.07762104047223728,0.1491943836328033,0.04104766188906151,0.11643156070835592,0.07533453240815996
saude_share_terceirizado,3071,-0.013279486320829708,0.06846111540516837,0.10597004886801314,0.14759847338724175,0.06987765261352838,0.15595592097556651,0.11721412696462825
rais_div_81,5570,0.13086839161375266,0.06743627275738151,0.032912831438342866,0.08093221229168115,0.15962895509249386,0.05834547391342599,0.2441384019061671
rais_div_85,5570,0.14559863345805357,0.0673551627298986,0.0514755584736785,0.11203623411591304,0.0746517176555464,0.08452828549361943,0.1221383393268956
rais_sec_P_educacao,5570,0.14559863345805357,0.0673551627298986,0.0514755584736785,0.11203623411591304,0.0746517176555464,0.08452828549361943,0.1221383393268956
troca_partido_2016_2020,5558,0.03419610910151876,0.06389932690820077,0.0583236628168202,0.12851949326661571,0.043463106831562244,0.09284174897371379,0.07704823483776943
rais_div_42,5570,0.022922326062215226,-0.06299044834832668,0.040765915641156746,-0.0963049888858021,0.09769064880519934,0.06988442681341156,0.15711073416093915
sinasc_share_mae_adolescente,5570,0.10249513561267591,-0.06276494628256861,0.20161475578869525,-0.0511845860461006,0.5833277574963885,0.28335046759492305,0.6790979863390793
rais_div_29,5570,0.11682627534480153,0.06269932790307697,0.0034651332817085354,0.10374509643015573,0.0021517574910516753,0.007834214376036689,0.005502855223017399
rais_div_23,5570,0.010654631079554092,-0.061399628848673116,0.0432195495810138,-0.0851114083538562,0.12445508424666425,0.07328532320258863,0.19522007878134331
d_caged_mineracao_pc,5567,0.10623954177842251,0.056955930458909204,0.05664239584771532,0.10844509295886638,0.0751620549703973,0.09109498713653186,0.1221383393268956
share_ind,5570,0.036917734220581366,-0.05663362715884022,0.3199677025856823,-0.05851073459715983,0.5895659970026159,0.42300814918107155,0.6812762632030228
rais_sec_F_construcao,5570,0.053947429414719486,-0.055101088267626296,0.07600654891396441,-0.05898498995856896,0.2959154042196447,0.11511671485998494,0.39696671377778925
rais_div_86,5570,-0.01392774618897158,-0.054424898933480126,0.12403305024858369,-0.10090551255785188,0.12514107614188674,0.17751519118145923,0.19522007878134331
pncp_valor_mediano,4687,0.12158090578977891,0.052983088677525304,0.07199087787531525,0.08417893021285602,0.1371394270736757,0.11120633541024381,0.21181931310389515
rais_div_43,5570,-0.031543146082354,-0.050911371920577375,0.16680924385262197,-0.04347792535385679,0.4495521361616891,0.23656583673644568,0.5748371577149467
ivs_2000,5565,0.20298090822084766,0.04952735916231116,0.42156936583104265,0.1508963296332444,0.19143342037811073,0.5178332367688397,0.2790991923269652
rais_div_15,5570,0.0477688090588031,-0.04593466292934473,0.11241256473060132,-0.036530472844359105,0.5076585640544591,0.1638912158689141,0.6187088749413721
rais_sec_J_informacao,5570,0.13828609580808293,0.04551033253028389,0.0713503235406734,0.07819291694961618,0.10080145296467104,0.11120633541024381,0.16045945573968043
rais_sec_T_domestico,5570,0.07912214908670588,0.045066374732518816,0.05018717136665682,0.08998978880014885,0.03787138301061626,0.08418493261503725,0.07033256844828734
homic_100k,5570,0.18317919436701577,-0.04426819571560904,0.38891543632550585,-0.0012691187614527477,0.9889825622409285,0.48536646453423127,0.9953928258129494
rais_sec_Q_saude,5570,-0.024419220125041538,-0.041573077521173965,0.2597965081811344,-0.07404516504205905,0.28456490367267473,0.35241961109788666,0.38601847802554135
rais_div_33,5570,0.01001671537438952,-0.04016456308129994,0.09597671320528595,-0.05397710864689011,0.24689252584944632,0.14259397390499626,0.3438860181474431
pix_pag_pc,5570,-0.15062661942205166,-0.039481484760846605,0.36571706760519374,-0.08427655485826761,0.358573048878974,0.46075455775640956,0.4661449635426662
cob_esf,5570,-0.08765544232846413,-0.038440058952939365,0.3506461583566831,0.000516864879656298,0.9948927796905808,0.455840005863688,0.9953928258129494
cauc_pendencias,5568,0.07744019017754371,0.0377394646137631,0.3662408023191973,0.08367236700653688,0.28322448877184714,0.46075455775640956,0.38601847802554135
pbf_choque_pct,5570,0.03389383516117481,0.03302222344823691,0.29289237285337555,0.025065662780650602,0.6785248867764595,0.39052316380450075,0.759960423948501
rais_div_80,5570,0.10675694609413164,0.03294417260811236,0.07199897356688863,0.04675772943338265,0.1718950087619614,0.11120633541024381,0.2578425131429421
rais_div_71,5570,0.0855327465436126,-0.03192881681255375,0.24421101748549123,-0.05919102290465829,0.29772503533334194,0.33714087369678436,0.39696671377778925
homic_juv_100k,5570,0.23363625767192178,-0.031097580387607293,0.48032607405339633,0.014523742805910428,0.8587675798495507,0.5808594383901537,0.9175872770995199
densidade_smp,5570,-0.03073020141147019,-0.0300330155494265,0.4761830130814273,-0.09476811270135652,0.2338581322833384,0.5803480471929895,0.3328060937061218
rais_div_52,5570,0.043719501775596435,0.029812088355271736,0.3541703113605713,0.044344860618962686,0.48319602758401525,0.4566162691921415,0.603028642424851
rais_div_20,5570,0.12147821525913383,0.028229222415963394,0.34134261600914095,0.03427798837423464,0.5561082703244654,0.44747435375988226,0.6522773697038843
share_pago_sancionado,3027,0.09262756800123603,0.026756339374424495,0.5429011613836969,0.05179534516076395,0.5246040811526049,0.6465082532508146,0.6295248973831259
rais_div_14,5570,0.0026203267735737668,-0.024415284049196802,0.4986952125201015,0.02895455657900904,0.6914604833155134,0.5984342550241218,0.7610964093019266
rais_div_96,5570,0.08934128680368127,-0.023322109205421628,0.41669122542238946,-0.01803752135762548,0.7448123253466656,0.5159034219515298,0.8068800191255544
va_agro_ha,5563,-0.1363797241664763,0.023143812779791335,0.07430988453704117,0.022061981645734884,0.3306977644040908,0.11365041164488648,0.4371936546359167
idhm_2010,5565,-0.20727262160400342,-0.022205585381657234,0.7553603959371041,-0.06683863056792622,0.6193294406977322,0.858446520881737,0.700111541658306
rais_sec_N_administrativo,5570,0.0888060129212987,0.019516883796070052,0.6213494313708489,-0.01185165656697458,0.8782957794037483,0.7180037873618698,0.9320689903876512
mides_valor_pc,3339,-0.2883995805745121,-0.01563045029043953,0.7593949992415365,-0.11698455231190016,0.24324717138393614,0.858446520881737,0.3418608895125589
dom_por_cep,5570,0.12030910145842173,-0.015166553375264694,0.6779436466645633,0.04598922054699753,0.4885189656838381,0.7776412417622932,0.6047704513430803
rais_div_41,5570,0.14051939270482058,0.014857170091947196,0.5999621340092725,0.04277864896208431,0.41000466107847244,0.701922290522715,0.5286010506466257
rais_div_78,5570,0.16707443015121148,-0.013276643158128145,0.6029332495515629,-0.03801008728620836,0.4675142891069557,0.701922290522715,0.5929449520380902
rais_sec_L_imobiliario,5570,0.12031612350942954,0.012796260385066566,0.5876994418536836,0.023262546992668165,0.5980022204113158,0.6945538858270807,0.6859437234129798
tempo_resposta,5563,-0.10135910725091078,0.010384648128631031,0.218246947644556,0.024247193569363695,0.16359261832072647,0.3039868199334887,0.24777134425275077
ebt_nota,665,0.09805355453219604,-0.009920736721915485,0.9094445580325117,-0.10003810602874086,0.531077484357221,0.9489286405398325,0.6324281493108891
rais_div_82,5570,0.05665018090614333,0.009876485143851296,0.8395024995231362,-0.011745636780399776,0.9052562093922544,0.9031888960386844,0.9477850245986018
cob_ab,5570,-0.10603712341739455,-0.009545851845293163,0.8069777551646443,0.04910884672760199,0.5241603430510424,0.8865389422935529,0.6295248973831259
nota_consumidor,5541,-0.0029132629867103087,0.007477237079593375,0.8308474681235448,0.027300929599466797,0.6820157650819881,0.9000847571338402,0.759960423948501
rais_sec_D_energia,5570,0.025008518794180395,-0.007031420268063103,0.7991646123103555,-0.03488894782407391,0.5355813170761665,0.8841821242582657,0.6329597383627422
rais_div_28,5570,0.032724664726574045,-0.006783168894679045,0.8237363954360041,0.008073869102773967,0.9002251581175319,0.8986215222938226,0.9477850245986018
rais_div_61,5570,0.12325938114566923,-0.006719956880919999,0.7897373880706913,0.001825501943000865,0.9674529733499657,0.8799930895644845,0.9929122621223333
hhi_smp,5570,0.1240894814233188,-0.005393466686732892,0.9000928303427709,0.02904150066185876,0.7199270361428837,0.9487464968477856,0.7853749485195095
comex_hhi_sh4_2019,2214,-0.20063189665703987,-0.00467819179726095,0.9326048418485995,0.02164488102978035,0.8355580964589443,0.9571470745288259,0.8989452623972091
rais_div_55,5570,0.05785283582143515,-0.004095879611482153,0.8767394930893847,-0.00028210843897288895,0.9953928258129494,0.9367901433009864,0.9953928258129494
rem_media,5570,-0.05673353757322085,-0.0038566965387744623,0.9260689818367035,-0.07642625446297885,0.3449087165460343,0.9567335176591109,0.4521492418586668
cfem_razao_2225_1721,2865,-0.04386810339440092,-0.0033416076348023738,0.8930603047608502,0.06898515252718138,0.2780605184701346,0.9477374662768207,0.3838711582419557
rais_sec_I_alojamento_alim,5570,0.02865933428909719,-0.0031506603605910705,0.9124313851344543,-0.020972072853972568,0.6927928853902152,0.9489286405398325,0.7610964093019266
mides_credores_pc,3339,-0.427099735122359,0.002416017644268298,0.9714845857670856,-0.08837947340474192,0.4923451751318666,0.9777522282559055,0.6047704513430803
cafir_ha_por_imovel,5547,-0.027345108744063335,0.0018344727584193449,0.9674233631507662,0.007377588694593679,0.926642334151745,0.9777522282559055,0.9573258551501471
comex_choque_pct,2056,-0.0628348691304744,0.0016505593597388943,0.7712795545754946,0.023754572731236982,0.024570703051078294,0.8656087087322096,0.048519362986939416
capital_social_mediano,5570,-0.02026492670363252,-0.0009004756027921265,0.9461801511363808,0.00234630052848199,0.9180326894604318,0.9647327031194471,0.9547539970388491
rais_div_56,5570,0.023193640988590038,-0.0005927586926875866,0.9851680907978142,-0.042394491780586324,0.481680473270648,0.9851680907978142,0.603028642424851
