grupo,destino,valor,valor_trator,fatia,fatia_trator
mantido,Outros,74612522012.02998,0.0,0.3497,0.0
mantido,Bovinos,51862261892.710175,0.0,0.243,0.0
mantido,Soja,40611318020.50998,0.0,0.1903,0.0
mantido,Máquinas e equipamentos,23156347460.649998,5760980855.429999,0.1085,0.027
mantido,Milho,13202668448.740005,0.0,0.0619,0.0
mantido,Café,7167165198.0300045,0.0,0.0336,0.0
mantido,Trigo,2772663130.36,0.0,0.013,0.0
vira,Soja,44180202884.86005,0.0,0.2717,0.0
vira,Outros,35412878761.71,0.0,0.2178,0.0
vira,Bovinos,26716531638.810013,0.0,0.1643,0.0
vira,Máquinas e equipamentos,21367823244.47,5543924480.099998,0.1314,0.0341
vira,Milho,13373982464.400003,0.0,0.0823,0.0
vira,Trigo,11628017223.470036,0.0,0.0715,0.0
vira,Café,9915969869.560003,0.0,0.061,0.0
