uf,lula22,vira,taxa,municipios
MG,627,175,0.27910685805422647,853
RS,174,132,0.7586206896551724,497
PR,139,91,0.6546762589928058,399
SP,127,88,0.6929133858267716,645
GO,96,68,0.7083333333333334,246
TO,121,37,0.30578512396694213,139
SC,32,27,0.84375,295
PA,107,16,0.14953271028037382,144
MS,21,15,0.7142857142857143,79
MT,23,14,0.6086956521739131,141
RJ,22,13,0.5909090909090909,92
AL,94,8,0.0851063829787234,102
ES,21,7,0.3333333333333333,78
MA,214,3,0.014018691588785047,217
AM,57,3,0.05263157894736842,62
BA,415,2,0.004819277108433735,417
RN,166,1,0.006024096385542169,167
AP,13,1,0.07692307692307693,16
CE,184,1,0.005434782608695652,184
AC,4,1,0.25,22
RR,1,0,0.0,15
PI,224,0,0.0,224
PE,184,0,0.0,185
SE,75,0,0.0,75
PB,223,0,0.0,223
