indicador,n_vira,n_mantido,mediana_vira,mediana_mantido,rank_biserial,d_cohen_log,p_mw,rb_faixa_margem,lpm_coef_uf_porte,p_lpm,n_lpm,lpm_coef_mais_margem22,p_lpm_marg,p_adj,p_lpm_adj,p_lpm_marg_adj,sobrevive_uf_porte,sobrevive_mais_margem22,n_suporte,coef_suporte_faixas,p_suporte,p_suporte_adj,sobrevive_suporte
nbf_share_dom,701,2650,0.1192567567567567,0.3368327701466055,-0.8026135170780286,-1.8942851284802655,6.603733754054323e-235,-0.4238192165496615,-0.1159488396932546,8.933948291735806e-25,2649,-0.0148428112855941,0.1690397791567373,1.02357873187842e-232,3.461904963047625e-23,0.3573003872259389,True,False,1346.0,-0.04898215483101499,0.0007503695684964522,0.01165641633064782,True
pdm_share,699,2647,0.0079961230918342,0.0191238603513453,-0.7787507978638597,-1.658454089338912,1.0067086938969102e-220,-0.4331825037707391,-0.1245021738871894,4.6119111551870786e-30,2644,-0.0480544002869481,2.858929515935764e-07,7.801992377701053e-219,3.574231145269986e-28,4.923711944111593e-06,True,True,1342.0,-0.04640057052373647,0.0020158742363116837,0.0238803563378461,True
c22_analfabetismo_15mais,703,2661,0.0781773919434109,0.1815041981778122,-0.7587095194642812,-1.7646955350753697,8.739818735606111e-211,-0.1829003080877144,-0.1021976024986864,2.322090176355685e-19,2657,-0.0195881231613713,0.0538751004590282,4.5155730133964905e-209,5.141771104787589e-18,0.1763326850893584,True,False,1352.0,-0.021263571461536103,0.11893256961664536,0.35912972001888993,False
idhm_2010,703,2661,0.688,0.6,0.7464722777723432,1.584425567234861,4.104134377408047e-204,0.2096561609305236,0.1065995150395325,9.417111042786674e-19,2657,0.029805546795205,0.0058498203921075,1.590352071245618e-202,1.824565264539918e-17,0.0312662814060919,True,True,1352.0,0.0022847160721160093,0.8598268869824035,0.932488314051339,False
ivs_2010,703,2661,0.293,0.445,-0.729063128279885,-1.525453266534084,8.522926366312543e-195,-0.3049079855676557,-0.1176819989694114,3.2593892039330062e-24,2657,-0.0312711113630239,0.0025313295606962,2.6421071735568886e-193,1.0104106532192321e-22,0.0156942432763167,True,True,1352.0,-0.01180646379630049,0.3515758890589705,0.6684282335195242,False
pib_pc,703,2661,31999.100629559307,13510.780470420528,0.714067001196889,1.4393186130567837,6.007410891009382e-187,0.3315485114585563,-0.0444499071512872,1.0851358250513104e-05,2657,0.0146591104572787,0.4292530285168587,1.551914480177423e-185,7.312871864476224e-05,0.6104056827533313,False,False,1352.0,0.0019640514262198178,0.8884450389673921,0.9501426111179055,False
ivs_2000,703,2661,0.423,0.594,-0.6776679961276175,-1.4042871081796429,1.398611414679009e-168,-0.2369062721386559,-0.1099281222934382,5.342816740226958e-23,2657,-0.0510893804546967,1.844435759867785e-07,3.096925275360664e-167,1.380227657891964e-21,4.7647923796584445e-06,True,True,1352.0,0.0007955523498414645,0.9501967260660662,0.9690748067163854,False
c22_share_branca,703,2661,0.5006876878406602,0.2445962732919254,0.6544406508211171,1.377135905933377,2.3318839327513655e-157,0.4175165164670411,0.1804916120941235,5.136735869989445e-40,2657,0.0981229542989818,4.9484772463141255e-15,4.518025119705771e-156,7.961940598483641e-38,7.670139731786894e-13,True,True,1352.0,0.0823893991767465,8.752702769172947e-07,4.493054088175446e-05,True
pix_ticket_pf,703,2661,194.7811231450347,142.99266715853622,0.6437119490581782,1.2689196410121422,2.622576310769594e-152,0.342998830255202,0.107673254664391,6.801292482408784e-28,2657,0.0599337943369922,1.0282882325128789e-12,4.516659201880967e-151,3.514001115911205e-26,7.969233801974809e-11,True,True,1352.0,0.030367356344989736,0.00148190666615097,0.019017802215604115,True
formalidade,703,2661,0.1672158154859967,0.0891536565324568,0.6214484228487669,1.0100223517850997,4.311878086919225e-142,0.1696953720941727,0.0359032623166682,0.0055501151630644,2657,0.0087742370293522,0.3933727409461649,6.683411034724799e-141,0.0168679970642155,0.5806930937776721,True,False,1352.0,0.004328973151390584,0.6966050390036629,0.8752354497025077,False
c22_share_parda,703,2661,0.4091054313099042,0.6219819942709044,-0.6195261302957262,-1.226735759908825,3.1617399595384814e-141,-0.3369029770828871,-0.1022306303555064,2.324915703571089e-15,2657,-0.0562757578400068,2.483454310705727e-07,4.455179033895133e-140,3.6036193405351886e-14,4.923711944111593e-06,True,True,1352.0,-0.04202608900978956,0.005780643933150164,0.05236583327677208,False
rais_vinc_pc,703,2661,0.1743448275862069,0.092985256117951,0.5900331590119758,0.9396492221560488,2.7558265375811615e-128,0.1467782592220372,0.0359080816444682,0.0031983949153203,2657,0.0129971776534318,0.1769837443029074,3.5596092777090003e-127,0.0105478981249927,0.3657664048926753,True,False,1352.0,0.005960408345236711,0.5995269999799959,0.8548810925640683,False
credito_pc,690,2609,17595.012013328575,2198.8209138321995,0.5797901355952917,0.9350277647292614,1.1750742240733335e-121,0.5342602689930933,0.037016478114126,0.0084081069529243,2599,0.0324569491489727,0.0027392488725751,1.4010500363951283e-120,0.0232724388875585,0.0163301375095827,True,True,1314.0,0.034636005728541655,0.005079739440333872,0.05215199158742775,False
cob_priv,703,2661,6.05161666870117,1.50985777378082,0.5629858185486263,1.0586114283076362,5.683944818342797e-117,-0.0399196006392408,0.0443980091732387,0.0016256340458932,2657,0.0313370273405097,0.0038574819437285,6.292938906022383e-116,0.0062993319278363,0.0213539179027828,True,True,1352.0,0.0017863718490706126,0.886143472716947,0.9501426111179055,False
div_nomes,703,2661,0.0363288718929254,0.0259938837920489,0.5132029317634255,0.9597740222327198,1.5748571878824002e-97,0.4468425128095292,0.0450041052903737,0.0003352782644762,2657,0.0104551351712305,0.3303080890925497,1.6273524274784805e-96,0.0015747918482973,0.5278118949417031,True,False,1352.0,0.03315265601231156,0.034234038156518626,0.1707032151807561,False
gd_por_domicilio,703,2657,0.0683103570166136,0.0319902814334885,0.5092070062654219,0.8236876289394037,5.126447796413361e-96,0.3385669802461406,0.0591222023548935,1.809092170783593e-07,2653,0.0288051537772381,3.207658926750872e-05,4.966246302775444e-95,1.475838349849773e-06,0.0003551336668902,True,True,1352.0,0.015431347793970839,0.06183915985202995,0.25447778728598586,False
pix_pag_pc,703,2661,62298.115802938,43073.556788161535,0.5074173443603218,0.7959955148361425,2.19082337565302e-95,0.0430663788984628,0.0053866952311787,0.5915746654974832,2657,0.0089162347519054,0.2137452028702501,1.9975154307424593e-94,0.7454802695293486,0.4009134523029798,False,False,1352.0,0.011472090027765464,0.036579260395876306,0.1707032151807561,False
fef_montante_pc,147,704,1233.1796311276491,3693.704626796891,-0.5017200061842919,-0.8625453087509448,9.970453879161537e-22,-0.177367941712204,0.0008785158924418,0.9079247432463338,650,0.0039794486118838,0.6287760425379822,2.2077433589571973e-21,0.950867129751228,0.7439716533846354,False,False,317.0,-0.007886829065831873,0.7404410576538695,0.8978576604621724,False
credito_ha,690,2609,199.85585479766436,66.89870616602558,0.4919015003805111,0.857452829518194,4.107320511666095e-88,0.4188476917484551,0.0541925240294059,3.621677100105315e-07,2599,0.0450705297886036,6.99062337453684e-08,3.3507088384644463e-87,2.8067997525816193e-06,2.1670932461064206e-06,True,True,1314.0,0.03954308004757853,9.797481926558786e-06,0.0003772030541725132,True
rais_share_publico,703,2661,0.3117088607594936,0.5612535612535613,-0.4883398202688537,-0.9568035168857966,1.72508017972706e-88,-0.0286916981069904,-0.0541302928560275,3.023059442747378e-08,2657,0.0134313337750534,0.1297165121935582,1.4854857103205238e-87,3.123828090838958e-07,0.3000904386567391,True,False,1352.0,-0.030029591472359098,0.011706383293965845,0.07023299171940132,False
rais_div_84,703,2661,0.2869565217391304,0.5294117647058824,-0.4691666092010245,-0.9183703480391356,7.99211780561693e-82,-0.0079822725999637,-0.0493421614532499,1.3741592150227248e-07,2657,0.0155157813071129,0.0694835360553605,5.8989440946220195e-81,1.1833037684917908e-06,0.2153989617716178,True,False,1352.0,-0.029500171780723713,0.009717555580392237,0.06342390225317357,False
rais_sec_O_adm_publica,703,2661,0.2869565217391304,0.5294117647058824,-0.4691666092010245,-0.9183703480391356,7.99211780561693e-82,-0.0079822725999637,-0.0493421614532499,1.3741592150227248e-07,2657,0.0155157813071129,0.0694835360553605,5.8989440946220195e-81,1.1833037684917908e-06,0.2153989617716178,True,False,1352.0,-0.029500171780723713,0.009717555580392237,0.06342390225317357,False
obras_1000dom,703,2661,34.06944173018044,53.333333333333336,-0.4679077107131459,-0.8611111412581395,2.143121112604067e-81,-0.2824357052243109,-0.0177058905841723,0.0570327912052321,2657,0.0061522517231783,0.4470105142351991,1.5099262384255926e-80,0.1148062680105322,0.6298784518768714,False,False,1352.0,0.000814497085631887,0.9430937848687014,0.9682429524652002,False
mides_valor_pc,525,1169,15539.21338356729,10884.90747219718,0.4619479408529878,0.6985138713987301,2.4176185069960884e-52,0.2885955397032598,-0.0362575035116729,0.0819205291831698,1288,-0.0040725881715185,0.7692888896760701,9.861338646957731e-52,0.154849780773065,0.84567218368646,False,False,903.0,-0.021762797133174,0.16409236274458827,0.42117039771110987,False
gap_sexo,703,2661,0.1012488184333403,-0.0628399625320177,0.4520728525356781,0.7431872780045866,4.1845699419894534e-76,0.1949025487256372,0.0140941814235715,0.0502797477938833,2657,0.0183495837789749,0.0031794157258566,2.820036265253762e-75,0.1057806666495731,0.0182522013891769,False,False,1352.0,0.018797667478289468,0.03597239144381436,0.1707032151807561,False
pbf_2019_2006,703,2660,0.8593103448275862,1.2077456497465942,-0.4466170761184611,-0.7023727639166256,2.5599877927840633e-74,-0.3209631448012258,-0.0256796737346884,0.0066134961328833,2657,-0.0106912386596674,0.1068550160251014,1.6533254495063742e-73,0.0197133057807101,0.2671375400627536,True,False,1352.0,-0.007494690086975319,0.49409435390507817,0.7722933403758832,False
ideb,633,2548,6.1,5.3,0.445400289171447,0.7957789665518836,1.2224543139473844e-67,0.3097109151213628,0.0490860674280174,1.2055470077314278e-08,2488,0.0285404133071044,0.0002316661139214,6.767157809351593e-67,1.334712758559795e-07,0.0021122498622252,True,True,1243.0,0.0306543161673637,0.009735062641849737,0.06342390225317357,False
rais_hhi_cbo_fem,703,2661,0.0545550909154445,0.0865529402196816,-0.4326628295654582,-0.5824923776420906,7.239797417366003e-70,0.1143054846203273,-0.0035880793645258,0.650905001855735,2657,0.0212183731155371,0.0019885617609313,4.4886743987669216e-69,0.7960105616100467,0.013401177084537,False,False,1352.0,0.004780955870051801,0.46922232490664384,0.7527108128710746,False
va_agro_ha,703,2657,156.4853187524505,53.11250961985427,0.4284637429458457,0.7138440118543365,1.5647899085006712e-68,0.2545560553056805,-0.0031707230126037,0.0180428406765433,2655,-0.0070913701188391,4.712404844734502e-06,8.983053178429778e-68,0.0466106717477368,6.640206826671344e-05,False,False,1350.0,0.0010013519849737037,0.7161017315747791,0.8752354497025077,False
rais_div_01,703,2661,0.1003911342894393,0.0241635687732342,0.4244743764710537,0.6199820941346054,1.7893364985787036e-67,0.3436166532118556,0.0147508958659955,0.1123263431592499,2657,-0.0127967513494109,0.0930239472722924,9.563695078610312e-67,0.2048303904668676,0.256673226665228,False,False,1352.0,0.0009763160066094401,0.9226111201272189,0.9662002788048218,False
rais_div_64,703,2661,0.0084915084915084,0.0032854209445585,0.4228402139753233,0.6214974897090882,3.51554835906635e-69,0.1928596141489695,0.0223232128852949,0.044460522333817,2657,0.0095389705415611,0.1705821203530289,2.095807675597247e-68,0.0986381998228285,0.3573003872259389,False,False,1352.0,0.02115904458053447,0.008294524986865516,0.06342390225317357,False
rais_sec_A_agro,703,2661,0.1195039458850056,0.029940119760479,0.4213915452270642,0.6288797612046314,1.7285061469786046e-66,0.3357991334003327,0.0100436315247613,0.2793166580920802,2657,-0.0150275235467998,0.0485556921997816,8.642530734893024e-66,0.428654277270024,0.1683687198792627,False,False,1352.0,0.004003473570468357,0.6933860762313229,0.8752354497025077,False
share_agro,703,2661,0.3219614935272291,0.139323888085481,0.4211247977343035,0.7981669391521207,2.747596947158446e-66,0.4550472016738882,0.0262758895247249,0.0169603312835181,2657,-0.0020290306491727,0.825589229125113,1.3308672712798725e-65,0.0445568025244967,0.8836962294190077,True,False,1352.0,0.014852234971102156,0.26624133272056894,0.5616597977940769,False
rais_sec_K_financeiro,703,2661,0.0092592592592592,0.0035327886950761,0.4160571299359645,0.5831881040910708,9.016716977078e-67,0.1480221427747665,0.0238281586758952,0.0241089151567801,2657,0.0106120949504185,0.1252703567745258,4.6586371048236337e-66,0.0583887788953269,0.2941955348492652,False,False,1352.0,0.01839836441662577,0.009884244506988089,0.06342390225317357,False
infec_100k,703,2661,128.44688584624635,95.51656920077971,0.4111712139363002,0.7206070211050448,2.814819523697515e-63,0.0149348402721716,0.029384482423777,0.0011392961913356,2657,-0.0047039751617222,0.5453919705389182,1.2832265475679846e-62,0.0047873333659966,0.7068083827304422,True,False,1352.0,-0.014639169578050995,0.1147512537884693,0.35343386166848545,False
rais_div_49,703,2661,0.013419216317767,0.0021186440677966,0.4064985890180217,0.4880955182176683,2.5095204129567772e-64,0.0565596322717762,0.0289935279145396,0.0009894952976405,2657,0.0139834381280522,0.0357036064883701,1.1787141333584865e-63,0.0043820506038369,0.1456331317288781,True,False,1352.0,0.004783844084241805,0.5014891820622618,0.7722933403758832,False
c22_share_0a14,703,2661,0.1877618784093604,0.2112813427073596,-0.4019767111798203,-0.675746220087278,1.4683324500015734e-60,-0.1536649257788688,-0.0373365739775025,0.002114744581336,2657,-0.0086466213189951,0.4062627953801472,6.502615135721254e-60,0.0073886733953196,0.5885115260179703,True,False,1352.0,0.026741223297975774,0.07306098157473812,0.26912891975988146,False
ibc,703,2661,55.48,44.57,0.3962558060344805,0.6781414106459456,6.711112351877171e-59,-0.0197868098917574,0.0642755832123557,9.81081164123454e-10,2657,0.0144481200005761,0.1131662319572339,2.8895067070582266e-58,1.1697506187625798e-08,0.2740744680214259,True,False,1352.0,0.009038392396937616,0.4401326319824308,0.7527108128710746,False
rais_sec_H_transporte,703,2661,0.0190723495702005,0.0064308681672025,0.3860531153594704,0.4928585419453785,5.315618432242102e-56,0.0186335403726707,0.0268175334589828,0.0016844717233125,2657,0.0128581926154866,0.0546062508663819,2.22681312702034e-55,0.006368124807645,0.1763326850893584,True,False,1352.0,-0.0009927101016005378,0.8954288603223518,0.9510072033768425,False
densidade_smp,703,2661,55.04,44.56,0.3724746523061364,0.3764843198876508,2.9788726817797248e-52,-0.0026525198938992,0.0205908620139114,0.0125065063098547,2657,-0.0013509663569026,0.8437873674452461,1.1839109376304036e-51,0.0340089206671487,0.8836962294190077,True,False,1352.0,-0.0035827335225041106,0.6877868261601681,0.8752354497025077,False
fef_share_grave,147,704,0.0652173913043478,0.1625150060024009,-0.3705260513296228,-0.6626623433943463,1.463035799050186e-12,-0.2340619307832422,-0.007293378976005,0.6041702230075942,650,-0.0090705245070199,0.4797921777711674,2.6065580327905613e-12,0.7552127787594927,0.6523490136362364,False,False,317.0,-0.013851076316015946,0.4406554739609566,0.7527108128710746,False
caged_pc_2017_2021,703,2658,9.238086527028262,2.6494824511502246,0.3679517107698169,0.3553678729995908,5.054242179844237e-51,0.1630970229171129,0.033357657522828,5.023106847279702e-05,2655,0.0236043408294656,0.0003094395022084,1.9107500923801384e-50,0.0003114326245313,0.0025243748864371,True,True,1352.0,0.017757746599089075,0.01870030955989539,0.10285170257942464,False
rais_div_46,703,2661,0.0151642796967144,0.0026041666666666,0.3622457679895525,0.4889016879178908,1.9530078144422652e-51,0.0815032044417352,0.0229162640255508,0.0021450987276734,2657,0.0112298813555924,0.1015210254639276,7.567905280963778e-51,0.0073886733953196,0.2664914475141057,True,False,1352.0,0.011454065552812049,0.18191973398493588,0.45186514570451813,False
c22_share_60mais,703,2661,0.1907356948228883,0.1601013591338401,0.3585513953994343,0.6486861572394692,1.501554588843119e-48,0.225217061798771,0.0047173497588729,0.6967078636066754,2657,-0.0169973857924978,0.0864737494696222,5.541451458825794e-48,0.8243489989239288,0.256673226665228,False,False,1352.0,-0.05386339333050475,3.269796835425314e-05,0.0007193553037935692,False
rais_sec_C_transformacao,703,2661,0.0810419681620839,0.0249307479224376,0.3454139477399431,0.4915414278125168,2.4499092467058978e-45,0.0098439791093465,0.0280130746741289,0.0014110729342939,2657,0.0070100976804015,0.3424140681626418,8.831068214870097e-45,0.0056971773923011,0.530741805652095,True,False,1352.0,0.014010782057579147,0.09979895125310345,0.32377474126698635,False
share_nome_top,703,2661,0.1258671952428146,0.1758881770529994,-0.3380433777395742,-0.5830740493217001,2.374027828703133e-43,0.0257508608333196,-0.0733197893385061,5.960991827400049e-08,2657,-0.0404364086554519,0.0002912973401988,8.363052578386037e-43,5.774710832793797e-07,0.0025083937628232,True,True,1352.0,-0.04455531146708565,0.0022569637527110804,0.024826601279821885,True
c22_share_preta,703,2661,0.0698056954867893,0.0933709918591128,-0.3334461263613343,-0.6442637605370636,3.1574328889998055e-42,-0.3709573784536303,-0.0615009881720719,3.500887268193234e-18,2657,-0.0235661608561028,0.0006226880592426,1.0875602173221552e-41,6.029305850777235e-17,0.0045960309134579,True,True,1352.0,-0.05189105543949314,1.2319518482776405e-05,0.00037944116926951334,True
sinasc_share_mae_adolescente,703,2661,0.125,0.1639344262295081,-0.3271067305363869,-0.5645598838110625,1.0562854540073424e-40,-0.1242483154027381,-0.0186186262066518,0.0398915461141676,2657,-0.0112649797417264,0.1416911602973158,3.559222725459523e-40,0.090929259524941,0.3182917368997674,False,False,1352.0,-0.0008375787487133082,0.9334213546982862,0.9662002788048218,False
pncp_valor_mediano,573,2164,18547.24,40000.0,-0.3241194155997071,-0.3772514571793018,6.719324265477595e-33,-0.1295284355393645,-0.008056082748773,0.0603114668827853,2195,-0.0001064995432319,0.9829728716761864,2.0028755022096676e-32,0.1183326248966041,0.9829728716761864,False,False,1107.0,-0.0006288637973402593,0.9205186083162676,0.9662002788048218,False
entrantes_share_nao_local,392,709,0.5703584804708399,0.4566666666666666,0.321507728620362,0.5846246398404421,9.279224334097402e-19,0.1838170624450308,0.0577094187133318,0.000131893209787,1101,-0.0041893770907492,0.737347399365905,1.9702462627193115e-18,0.0007301231256067,0.8325533121051756,True,False,699.0,-0.009275680515909313,0.5214072535669076,0.7795797771777067,False
comercio_por_dom,703,2661,0.129661503155479,0.1475600309837335,-0.3158766076347515,-0.5594463697764446,4.509283077178993e-38,0.0102970492775589,0.0281701228146864,3.2342092889677364e-05,2657,0.0358343446049356,9.355651760167334e-09,1.4264058713525387e-37,0.0002088760165791,4.6287195464065e-07,False,False,1352.0,0.010381665737053335,0.2311780825984916,0.5477142264641186,False
relig_100k,703,2661,32.21995489206315,16.394786457906388,0.3139473657482321,0.4595908299202685,2.654208650973253e-38,-0.0401173039853699,0.0217722679174446,0.0188131852382307,2657,-0.0107229555087052,0.1617340292448856,8.570882102101133e-38,0.0478039952774715,0.3481774240688511,True,False,1352.0,-0.017161262436540085,0.0508345752882344,0.23025072336435584,False
dom_por_cep,703,2661,1553.75,2452.5,-0.3021816096046203,-0.4638819604689893,5.476199925499157e-35,-0.0370364268415243,0.0231187118974937,0.0023552500856609,2657,0.0135781736258346,0.0300029347393299,1.6976219769047386e-34,0.007936168766901,0.1313355874378929,False,False,1352.0,0.024745906268197265,0.0007569101513407674,0.01165641633064782,False
rais_div_43,703,2661,0.0043451272501551,0.0005865102639296,0.2842293429725935,0.1302292407663706,1.1892621791607108e-33,-0.0418472082639999,-0.0140356552266492,0.0271605832561228,2657,-0.0060161927415543,0.2792830206507315,3.6144242699982384e-33,0.0637862182530158,0.4809874244540376,False,False,1352.0,-0.005187795639535458,0.4659511016515483,0.7527108128710746,False
rem_media,703,2661,2543.00641509434,2288.7138751625507,0.2841021167135211,0.4497480781364601,4.014312726348391e-31,0.1152775260721288,-0.0181445531087459,0.0451826592736827,2657,0.0155409512144246,0.0388467571365594,1.1739971180830199e-30,0.0986381998228285,0.1517627113249701,False,False,1352.0,-0.003123555946250269,0.7902139892571846,0.9081563757134808,False
rais_div_25,703,2661,0.0011086474501108,0.0,0.281084502291409,0.2345167909415302,4.5405537084529076e-39,-0.0606207885068454,0.0073931917221507,0.409150826435495,2657,0.004933182842502,0.4663272681605976,1.497416648532342e-38,0.5662355187276941,0.6453636300436844,False,False,1352.0,0.005532587967095335,0.42396515249881883,0.7527108128710746,False
sanc_100k,164,491,7.685266121062385,4.97005541611789,0.2773458844568079,0.511251244924915,1.0264080385826337e-07,0.3867383512544802,0.0027947348440591,0.9054508793912898,534,-0.0191126889967351,0.3083233740456941,1.559737705689296e-07,0.950867129751228,0.5194578584465499,False,False,330.0,-0.009268869239827296,0.6901498558605081,0.8752354497025077,False
homic_juv_100k,703,2661,0.0,5.126263821195918,-0.2768149387148971,-0.5155714444795566,6.927160192356235e-31,-0.2542712160403315,-0.0070624201648439,0.2592841267156949,2657,-0.033075705174269,1.1945082700403873e-08,1.9883515366948452e-30,0.404758270687209,4.6287195464065e-07,False,False,1352.0,0.002374522339155156,0.8071308976911878,0.9110939817093348,False
rais_div_56,703,2661,0.0089928057553956,0.0025445292620865,0.2723176508259282,0.2247983586088146,8.513925139061679e-30,-0.1510618317215019,0.0052515180691998,0.4903186190357284,2657,-0.0123330540718788,0.0497028820038272,2.3993789028264728e-29,0.6495674012866487,0.1683687198792627,False,False,1352.0,-0.005487347442424059,0.4555619580630289,0.7527108128710746,False
homic_100k,703,2661,12.860082304526747,20.33140185015757,-0.2648829331319096,-0.4209802921865571,2.6349692531049796e-27,-0.1769609700644183,-0.0024801972049848,0.6956639137499232,2657,-0.0260670187386695,4.656198619632191e-05,7.165267267215295e-27,0.8243489989239288,0.0004510692412768,False,False,1352.0,-0.00020043602343224444,0.9846654343971619,0.9846654343971619,False
share_credor_local,512,976,0.4472161057991987,0.3573977506027755,0.2634077228483606,0.4677611643090478,6.383201732292438e-17,0.1416752400548697,0.0541365525637742,9.276511333275404e-05,1265,0.0188079290635894,0.0918723235063703,1.2849302188380883e-16,0.0005325404654287,0.256673226665228,True,False,862.0,0.01821358302767158,0.1274515917965185,0.3774527910896894,False
rais_div_45,703,2661,0.0073937153419593,0.0030487804878048,0.2620326372774009,0.2898612715371836,2.3305751416803774e-27,-0.0740151902070942,0.0238739966243782,0.0696254494949859,2657,0.0048064186158758,0.4762219671688074,6.450699052865332e-27,0.1348993083965353,0.6523490136362364,False,False,1352.0,0.01480544420239506,0.13187352417447618,0.378176731715125,False
entrantes_share_sancionado,392,709,0.0183575123422467,0.0125786163522012,0.2580056705333755,0.433527209237515,1.2752804292028904e-12,0.073999939344312,0.023191157009958,0.1141178914810776,1101,-0.0041044747341758,0.711492989771668,2.2984705410052097e-12,0.2056775951112446,0.8224456880918649,False,False,699.0,-0.009396978924273184,0.4256364911161664,0.7527108128710746,False
mides_credores_pc,525,1169,16835.205992509364,12006.562083461498,0.2550686382337366,0.5556893523355229,3.9591363101117816e-17,0.3704289312570095,-0.0196516217961332,0.3756203351446925,1288,-0.0075832713606199,0.6120089025637538,8.074554316675344e-17,0.5359650182078581,0.7415880735056173,False,False,903.0,-0.029158232332260035,0.09424053394307902,0.3155009179833515,False
rais_div_10,703,2661,0.0120967741935483,0.0038961038961038,0.2515690793148812,0.2840807210814529,1.7952872230883157e-25,-0.0700858362027777,0.0125519604218917,0.135684075228346,2657,0.0029092215151178,0.67815067420186,4.716432535232016e-25,0.2389889961408366,0.7963132916764266,False,False,1352.0,0.002467627151500378,0.771968453134704,0.9081563757134808,False
reclam_100k,701,2656,1414.5496535796767,961.9936356324974,0.2505473033360259,0.4126457985696736,1.640565118616754e-24,-0.0944807072626621,0.0050141098966184,0.4957831991435919,2651,-0.0001918185919396,0.9787254348097209,4.1038497361368395e-24,0.6512406429428539,0.9829728716761864,False,False,1350.0,-0.0031950517873301177,0.7889584371226844,0.9081563757134808,False
log_pop,703,2661,8.84922702143852,9.343296599224807,-0.2502914710830215,-0.4366437132378021,1.5891380080574126e-24,-0.3709409031747862,-0.0021831319248488,0.8328290158601963,2657,-0.0447594932994696,2.63995264818584e-07,4.1038497361368395e-24,0.928694226318924,4.923711944111593e-06,False,False,1352.0,-0.07804295639585865,4.605754824550377e-13,7.09286242980758e-11,True
rais_sec_I_alojamento_alim,703,2661,0.0112197928653624,0.0041688379364252,0.2471402156324722,0.1304747578248457,1.6415398944547356e-24,-0.1710792955170766,0.00146981711495,0.847729245576726,2657,-0.0165350039196459,0.0165539206669133,4.1038497361368395e-24,0.931900943719096,0.0801830532303615,False,False,1352.0,-0.009937159169509952,0.3097902993986651,0.6038950140176509,False
caged_pc_2022_2024,703,2661,9.90868467068195,3.6719706242350063,0.2398289822487294,0.0325552710011064,1.192346694969676e-22,-0.0125871130368881,0.0088021270294708,0.3769044321590744,2657,0.0045918953869789,0.5782645700410349,2.8877146518796843e-22,0.5359650182078581,0.7228307125512936,False,False,1352.0,0.005455516850320691,0.5673654760763539,0.8277178688665862,False
rais_div_69,703,2661,0.0064935064935064,0.0042246909716789,0.2353894272840455,0.3227826745098891,6.431447596469063e-22,0.0402161556584346,0.0290473568238107,0.0014334833438693,2657,0.0060596171502872,0.3973980502965136,1.4878722051532909e-21,0.0056971773923011,0.5811009226033926,True,False,1352.0,0.0062169836216649215,0.5078607574383251,0.773303892024348,False
rais_div_94,703,2661,0.0065341682548325,0.0037453183520599,0.234990107891075,0.1321113248887198,6.74430433890513e-22,-0.0113844176812692,-0.0029823832346472,0.5825096446504405,2657,-0.0079108458914308,0.1048772793442609,1.537304665485728e-21,0.7400737288591662,0.2664914475141057,False,False,1352.0,-0.0012959251647519333,0.8375502644782702,0.9147712108486071,False
saude_share_terceirizado,500,1172,0.1867674368672954,0.1353437121377773,0.2342627986348122,0.3771273827739526,3.10554030654916e-14,0.0246507177033492,-0.0051773603381522,0.7043102243773043,1266,-0.0127891021588358,0.2146826873622408,5.87022862823317e-14,0.8270309452915315,0.4009134523029798,False,False,879.0,-0.013438588921920494,0.25826119201288134,0.5530373310350715,False
pix_razao_rec_pag,703,2661,0.9787665126982188,0.9492347612798432,0.2231735681566571,0.2734009975976536,7.938570190899998e-20,0.0318302387267903,0.0246374974063669,0.007340010648057,2657,0.0080158325719353,0.2358052606034394,1.733068140266901e-19,0.0210685490823859,0.4249978534131757,True,False,1352.0,0.001608054191971779,0.8282672560993952,0.9110939817093348,False
rais_sec_G_comercio,703,2661,0.1504146411209608,0.1171171171171171,0.2208343155948924,0.352068580505755,1.9070398561440432e-19,-0.0295236996886172,0.0317725061685626,9.09357793674124e-05,2657,0.0034681283106129,0.6124082155401227,4.1054330236434266e-19,0.0005325404654287,0.7415880735056173,True,False,1352.0,0.0223032618261964,0.02025413434012196,0.1075564375303028,False
rais_div_14,703,2661,0.0,0.0,0.2138748253979963,0.2554017597058668,4.6270994717648525e-27,-0.013254361830074,0.0282813482190081,0.0003878787686854,2657,0.0106135896804746,0.1032229465393839,1.2365524450406071e-26,0.0017682708572425,0.2664914475141057,True,False,1352.0,0.012436922640597477,0.053847713916571845,0.23692994123291614,False
cobertura_pop_4g5g,703,2661,84.3274,76.6147,0.2121390957206539,0.3575985464765503,4.579315485771586e-18,-0.1320246470171507,0.0569670969720964,4.321830211252835e-10,2657,0.00708421688263,0.3844163857907311,9.591809463440487e-18,5.582364022868245e-09,0.5738666054113337,True,False,1352.0,0.014200234131050517,0.25156460005165515,0.5530373310350715,False
rais_sec_S_outros_serv,703,2661,0.0089761570827489,0.00557880055788,0.2078347854767483,0.1312445865885352,1.913761541954988e-17,-0.0908034993492264,-0.0022616176835335,0.6680715334348646,2657,-0.0085644592948308,0.0908027017671633,3.955107186706975e-17,0.8027216099411163,0.256673226665228,False,False,1352.0,-0.0015608065975412488,0.8149068747130107,0.9110939817093348,False
suic_100k,703,2661,9.229775254972544,6.472491909385114,0.1987632324664308,0.2491040483492645,4.0533720518583246e-16,0.2271446694235299,0.0092304616002265,0.254562269053422,2657,0.0080951828115492,0.225910204417858,8.0547777953594925e-16,0.4026239969722492,0.416858115294857,False,False,1352.0,0.003306422307784348,0.6880023065679473,0.8752354497025077,False
taxa_aprovacao,645,2588,99.0,97.8,0.1934024657632722,0.3253035664417973,2.1292820975482677e-14,0.2150207284572105,0.022457980682851,0.001988820321418,2531,0.0236962694387067,0.0005085621530348,4.07455216197508e-14,0.0071690034841813,0.0039413566860202,True,True,1263.0,0.008673733130821471,0.44452551943695706,0.7527108128710746,False
rais_sec_Q_saude,703,2661,0.0119705340699815,0.0052724077328646,0.1882023838352089,0.0656373936272726,1.0767730016117786e-14,-0.1277987379936405,0.0015435918638624,0.8394735861439625,2657,-0.0082512889746891,0.2118785375672079,2.0862476906228213e-14,0.929417184659387,0.4009134523029798,False,False,1352.0,-0.011661427105935774,0.25486075642054395,0.5530373310350715,False
rais_div_33,703,2661,0.0,0.0,0.1850730455133231,0.1616633926696201,7.435992580557865e-22,-0.0854572713643178,0.0012570427049879,0.8867418880008934,2657,0.0046919182254269,0.5447341885335801,1.6704041304151721e-21,0.9478965009664724,0.7068083827304422,False,False,1352.0,0.013473452576167982,0.0736601709750801,0.26912891975988146,False
defeso_share,418,1969,0.0011668062193143,0.0029551066672064,-0.1844717523528568,-0.4573781247960097,2.9975667504634464e-09,0.0871273356141209,-0.0086814507187139,0.0591928335091436,1832,0.0089931396207154,0.0499674910609424,4.839821315852441e-09,0.1176267845374008,0.1683687198792627,False,False,864.0,-0.005571381592793507,0.6696457514849472,0.8752354497025077,False
rais_div_52,703,2661,0.0,0.0,0.184239125495875,0.2003026032080926,2.3188874327830162e-22,-0.0944115854160831,-0.0009332970300413,0.9022882077933952,2657,-0.0022335549168203,0.752181377476134,5.4458720012328405e-22,0.950867129751228,0.8327722393485769,False,False,1352.0,-0.017138644407215176,0.011857518082496328,0.07023299171940132,False
share_pago_sancionado,512,943,0.0048647146160298,0.0037033377439423,0.1810461956521738,0.2404193799657442,1.1280964665852493e-08,-0.0005572702331961,-0.0002829375504615,0.9841211269951092,1258,0.0012427817504546,0.9034929334856012,1.7842342073542208e-08,0.9905115239236488,0.9398751992635448,False,False,859.0,0.003508143112734135,0.749321605806395,0.9015275569858189,False
rais_sec_M_profissional,703,2661,0.0103027754415475,0.0069686411149825,0.1793099098029971,0.1552315545328974,2.3743591422605216e-13,-0.1071716888808342,0.0143669910942994,0.0191489417933174,2657,0.0077759599527023,0.0831385987135286,4.381257941075962e-13,0.0478723544832935,0.2526761333450382,True,False,1352.0,0.011668353919408233,0.1568925173426771,0.41097424227128027,False
cob_esf,703,2661,100.0,100.0,-0.17742236391735,-0.277137205804664,4.859196144957409e-24,0.0682900308087715,-0.0127384736962451,0.1748658698537377,2657,-0.0091073552069235,0.2393386400944933,1.1955165118546008e-23,0.2914431164228963,0.4264079220074306,False,False,1352.0,0.002577011592489511,0.7682182089370676,0.9081563757134808,False
fibra,703,2661,100.0,50.0,0.1732249664961942,0.3226213135658352,3.293580437040146e-14,-0.0135426792098456,0.0283447328294214,0.0002853379527392,2657,0.0059589951778026,0.3766529458065872,6.150662261942441e-14,0.0014266897636963,0.5738666054113337,True,False,1352.0,0.010673079264296805,0.25856290801639703,0.5530373310350715,False
deter_share_area,197,711,0.0028195662673729,0.005128288645988,-0.1676412002827219,-0.1618417605415721,0.0003131160567453,0.0716403162055336,0.0221379973088139,0.1704540179140763,782,0.0213606447832605,0.0946386500762487,0.0004010990809548,0.2903337667767234,0.256673226665228,False,False,379.0,0.04602303918518397,0.008509871122445889,0.06342390225317357,False
cfem_pc,417,1303,5.3033806519453215,2.3482175990030463,0.1616174443407667,0.1950773974747741,6.563209578441159e-07,0.0783378191012151,-0.0313076862135248,0.0003284191707823,1442,-0.0101321748487164,0.161431758713496,9.688547472936951e-07,0.0015747918482973,0.3481774240688511,False,False,823.0,-0.003964410600878126,0.6705234364930328,0.8752354497025077,False
ebt_nota,54,246,6.5175,6.130000000000001,0.159741041854863,0.3455802113559933,0.066181324103968,-0.1300075585789871,0.0292754770553583,0.2454355988856547,243,0.0057689955720073,0.8073681495365113,0.0732721802579646,0.3921909054358399,0.8774227875379479,False,False,160.0,0.0007274510171518221,0.980939144469772,0.9846654343971619,False
c22_razao_homens,703,2661,0.5026822558459423,0.4988310929281122,0.1593049169741747,0.2824664338235873,7.73178714927965e-11,0.2567013196698353,0.0156997818758161,0.0971472435991584,2657,0.0079447664112469,0.3201974877130247,1.3169527561959844e-10,0.1814195512996332,0.5270746158604491,False,False,1352.0,0.016687288951263854,0.06380273528146194,0.25447778728598586,False
caged_pc_2020,703,2650,1.731815932706581,0.307176310427067,0.1592549451139322,0.1555570205066979,7.981629342447659e-11,0.1474702209334892,0.0145500510468535,0.0488347947080392,2651,0.0176299445731135,0.0017656361480394,1.3447310305210728e-10,0.1051304608298066,0.0124397092248233,False,False,1352.0,0.01812046378961677,0.0005868319624596539,0.011296515277348335,True
templos_1000dom,703,2661,7.727975270479135,8.60615739508473,-0.1563193763988875,-0.274574202944153,1.7274246974217228e-10,-0.1030034433332783,-0.0288090555944584,0.001772752581297,2657,-0.0195028945856201,0.0125106895186903,2.879041162369539e-10,0.006542301192882,0.0625534475934516,True,False,1352.0,-0.01876028708212416,0.10337855656691058,0.32490403492457615,False
rais_div_86,703,2661,0.0079522862823061,0.0044247787610619,0.1517012770202113,0.0181071919503234,4.392481111930492e-10,-0.1362670313195051,-0.0020067633976666,0.7829520560051765,2657,-0.0095557952437883,0.1349236295950372,7.242920982438575e-10,0.8923350638294291,0.3075465086357466,False,False,1352.0,-0.014657084511675645,0.14746460134628428,0.4055276537022818,False
rais_div_81,703,2661,0.0,0.0,0.1497848646724218,0.1188225588933283,1.504384768041843e-15,-0.1385076692423019,0.0083715099441019,0.2611343681852961,2657,0.003626645818529,0.5548779536808013,2.9516410005884265e-15,0.404758270687209,0.7074500156984758,False,False,1352.0,0.007900602482372673,0.1574511707402957,0.41097424227128027,False
agro_1000dom,703,2661,137.86097808736034,106.38297872340424,0.1490124195280546,0.1540806877016997,1.1620112144512167e-09,0.3258315896996557,-0.0042512354992756,0.6522151053191996,2657,0.0091345737459355,0.2522905130650402,1.895913034104617e-09,0.7960105616100467,0.4393823542143959,False,False,1352.0,0.0030423690250233545,0.7967267899611494,0.9088587085482741,False
share_ind,703,2661,0.0602666899076172,0.0485383474474905,0.1426372079074862,0.0147975719935348,5.709671049530591e-09,-0.1660708107484719,-0.0263319930975919,0.0069804376875084,2657,-0.0106948998006033,0.0206212608621852,9.123701161621048e-09,0.0204144875766755,0.0968574373829915,False,False,1352.0,-0.013458150589982681,0.015745871724525927,0.08980978687322196,False
log_densidade,703,2661,2.9288828931261026,3.1232988021580517,-0.1378988316032166,-0.1949420868416405,1.7860857857662778e-08,-0.2603423562943803,-39.691015748032086,0.4151183849711661,2657,-16.9712529174762,0.5937504446924904,2.7963969373108393e-08,0.5694101740754934,0.7304072930740954,False,False,,,,,False
rais_div_28,703,2661,0.0,0.0,0.1355649246825891,0.2516977703321063,1.6101857076697784e-22,-0.0751355091684926,0.0148218026322887,0.0509763221444652,2657,0.0133476670045383,0.0495167572347078,3.839673610597164e-22,0.1057806666495731,0.1683687198792627,False,False,1352.0,0.010250183265845073,0.13260742540660228,0.378176731715125,False
rais_div_53,703,2661,0.001850138760407,0.0020942408376963,-0.133345414482304,-0.1262007194488409,5.1386481308165646e-08,-0.1325189053824735,4.779837967858625e-05,0.9943745098788588,2657,0.0034811321619233,0.5330716646531715,7.964904602765676e-08,0.9943745098788588,0.7068083827304422,False,False,1352.0,0.008408949980131452,0.4515173040611299,0.7527108128710746,False
rais_sec_D_energia,703,2661,0.0,0.0,0.1255610918578935,0.1459613136553065,1.0609090807007913e-12,-0.0867258678353131,-0.0053867137434258,0.4629764419941721,2657,0.0031775599328903,0.5568316252594454,1.934598911866149e-12,0.624011726166058,0.7074500156984758,False,False,1352.0,0.013133406902243556,0.1511524536012641,0.40837680446657315,False
vac_polio,703,2661,83.3333333333333,78.1609195402299,0.1229326401105905,0.0844049565796326,4.694786931007707e-07,0.2252664876353032,-0.0044844994999261,0.526284912952478,2657,-0.0035735383432595,0.5472064898558262,6.99703821448264e-07,0.6797846792302842,0.7068083827304422,False,False,1352.0,0.0031762696225605498,0.7121353821873508,0.8752354497025077,False
pix_penetracao,703,2661,0.5705292969679661,0.5522526534550583,0.1193387655738571,0.1977307459842286,1.0959579297436906e-06,-0.1813763447946356,-0.0105261717674658,0.1976611098542154,2657,-0.0215619189069232,0.0021801802206279,1.5876026085072154e-06,0.3224997055516147,0.0140803305915554,False,False,1352.0,-0.010540373504672707,0.30326834590552865,0.5987605803775823,False
rais_div_47,703,2661,0.1147687972332522,0.1014633200891559,0.1184674260684466,0.1723621228469341,1.311570665892156e-06,-0.0614610277278943,0.0215853391083622,0.0055059438401308,2657,-0.0021360772530438,0.7412410133581564,1.8823467890118904e-06,0.0168679970642155,0.8325533121051756,True,False,1352.0,0.01736715545896537,0.06069682051704117,0.25447778728598586,False
capital_social_mediano,703,2661,30000.0,35000.0,-0.1154781435443632,-0.0234321847396342,2.085413526682262e-06,-0.0071832215760251,-0.0025943469597919,2.184888274529591e-06,2657,0.0024932782284633,1.9816341232359834e-06,2.9654962994105556e-06,1.5393531025094844e-05,3.071532891015774e-05,True,False,1352.0,-0.0011036747375303291,0.19049822284260787,0.45838634871502515,False
cob_ab,703,2661,100.0,100.0,-0.1132965873961542,-0.2100825965778772,1.494288761741625e-12,0.0715109478227919,-0.0091145215249049,0.3105973383763999,2657,-0.0068334826590422,0.3417304001655641,2.631985887158544e-12,0.4674037616343882,0.530741805652095,False,False,1352.0,0.0059824654771398885,0.4135992845535631,0.7527108128710746,False
rais_sec_N_administrativo,703,2661,0.0113876001687051,0.0073403474431123,0.112826705540169,0.1056219312805132,4.001343159433417e-06,-0.1599172941002026,0.0025905630747674,0.7111607371503483,2657,-0.0029438502545404,0.6223888082927377,5.4885680505502625e-06,0.828796347806797,0.7420789637336488,False,False,1352.0,0.01016115263708039,0.23977544473512957,0.5530373310350715,False
cauc_pendencias,703,2660,1.0,1.0,-0.1107108097412806,-0.1622406508920887,3.4349193784363856e-06,-0.0245926760376717,0.0026344618529709,0.7560506896060348,2657,-0.0026329202389571,0.7076373718682648,4.796509041960718e-06,0.8745362454398165,0.8224456880918649,False,False,1351.0,0.0035086666562303866,0.7134585860297111,0.8752354497025077,False
sih_share_retencao,326,1509,0.9355517096706524,0.9668874172185432,-0.109813511568625,-0.0456008120651415,0.0018451654789761,0.1423322683706069,-0.0013741614156207,0.8768648694466069,1524,0.0063817000671424,0.42895379582254,0.0021832110629106,0.9478965009664724,0.6104056827533313,False,False,682.0,-0.005181412562334658,0.6954548563411227,0.8752354497025077,False
rais_div_93,703,2661,0.0,0.0,0.1075853044048618,0.0507486408235535,6.737234331470592e-07,-0.2146564080597064,0.0001114540408142,0.9807840657722218,2657,-0.0077200115702093,0.2074957467493714,9.851616239414546e-07,0.9905115239236488,0.4009134523029798,False,False,1352.0,-0.01301905660466594,0.07689397707425184,0.26912891975988146,False
rais_div_80,703,2661,0.0,0.0,0.1067107575147687,0.0220492222447233,9.849699068392323e-12,-0.1081849185297461,-0.0048097770407158,0.0394360416295855,2657,-0.0024164996183128,0.3219305653401131,1.7153970287649555e-11,0.090929259524941,0.5270746158604491,False,False,1352.0,-0.005310594345254111,0.46481016865788705,0.7527108128710746,False
rais_div_20,703,2661,0.0,0.0,0.1048285572702589,0.1400806360583133,1.8221518086620877e-11,-0.0918826301135147,0.010148451012175,0.243661170919983,2657,0.00741473532631,0.2298166935821624,3.1381503371402616e-11,0.3921909054358399,0.4190775000615903,False,False,1352.0,0.0063040803699638895,0.2861251969507096,0.5722503939014192,False
rais_div_82,703,2661,0.005858230814294,0.0039243667499108,0.1032467820576763,0.0914201927907754,2.3991855775647372e-05,-0.1651729080514687,0.0005853307102579,0.941439193457039,2657,-0.0042378247548454,0.5452464335493032,3.233684908891602e-05,0.9663779800386824,0.7068083827304422,False,False,1352.0,0.008260948726832706,0.46435634249817137,0.7527108128710746,False
mides_jaccard_credor,512,972,0.2430623973727422,0.2150644407820632,0.1020628375771603,0.1179729649952986,0.0010655225446142,-0.1573859739368999,0.010749498847227,0.5623772477093603,1261,-0.0013235792483206,0.929477529811564,0.0012917368132027,0.7204006065698416,0.9540994511310756,False,False,861.0,-0.02446291419595801,0.1374035902021469,0.38473005256601134,False
comex_choque_pct,236,522,0.0098312741550014,-0.067600185121176,0.1014513929475939,0.0094991139482218,0.025189421782115,0.1432988591534278,0.0020914058192684,0.051184193540116,672,-0.0072870090404948,1.1508192070611215e-05,0.0284989808483783,0.1057806666495731,0.000148647480912,False,False,468.0,0.018623757129234003,3.2736883075868685e-08,2.5207399968418886e-06,True
rais_sec_R_artes,703,2661,0.0,0.0,0.1010481198578272,0.0427138121655861,3.877081685117274e-06,-0.2211394302848576,-0.0016664715343981,0.7723294535447344,2657,-0.0080319001441757,0.1944858919752051,5.365604117796228e-06,0.886748631847658,0.3914975747552831,False,False,1352.0,-0.013996798617615753,0.06444567340359382,0.25447778728598586,False
rais_div_71,703,2661,0.0,0.0,0.1001350843515442,0.0803910287292579,2.7435319178335263e-06,-0.1405341285401256,0.0090797092591274,0.0815060022160636,2657,0.0090355711406013,0.0285447984171014,3.865885884219968e-06,0.154849780773065,0.1301306986661977,False,False,1352.0,0.013770569209819434,0.08400668458477693,0.2874895428012366,False
rais_sec_L_imobiliario,703,2661,0.0,0.0,0.0999982359384246,0.0633990761420263,6.516722688240789e-08,-0.1841524292798655,0.0049166595875094,0.3208642453062994,2657,-0.0048210171550788,0.3344598808433784,1.000091105621111e-07,0.4730303689658671,0.5289926686808536,False,False,1352.0,-0.000628018902029061,0.9348301398825875,0.9662002788048218,False
rais_div_55,703,2661,0.001008064516129,0.0,0.0915841967880179,0.0058975883084949,5.071211636538059e-05,-0.1708074534161491,-0.001562259920216,0.8326806355508315,2657,-0.0149208538704242,0.0324081780257198,6.77618796261551e-05,0.928694226318924,0.1357639890266644,False,False,1352.0,-0.010009714344229767,0.35057683847014953,0.6684282335195242,False
nota_consumidor,694,2644,3.008619730841953,2.952380952380953,0.0883676596894933,0.0736710784912026,0.000333109014951,0.0959579115876536,0.0033164078449344,0.622712281106489,2641,0.0011410735851901,0.8415174389183273,0.0004232122730935,0.7721632285720464,0.8836962294190077,False,False,1342.0,-0.002055236552591131,0.8174969135009678,0.9110939817093348,False
rais_div_42,703,2661,0.0022650056625141,0.0011160714285714,0.0862813207796295,0.0158465786689509,0.0002439676864032,-0.0248611957757385,-0.000902012611786,0.8813961105815663,2657,0.0053613527557923,0.284961506606706,0.00032046602875,0.9478965009664724,0.4853739947696642,False,False,1352.0,0.005633957135206619,0.36579361778069874,0.6869782577832636,False
rais_div_61,703,2661,0.0017825311942959,0.0025523226135783,-0.0835892559027905,-0.2120125259810329,0.0004484138136928,-0.167660675156927,-0.0003335833960013,0.9189212384126436,2657,0.0013680131626663,0.5909628580475446,0.0005650743180682,0.9559247782144952,0.7304072930740954,False,False,1352.0,-0.0033043022994710134,0.6582499730060334,0.8752354497025077,False
log_area,703,2661,5.945728126763046,6.173487913614299,-0.082488053828468,-0.1165900998209223,0.0007553612356065,-0.0358337314859054,-0.0227447194127835,0.0229627851268708,2657,0.0166064011408486,0.0493325516060116,0.0009366479321521,0.0564957411851583,0.1683687198792627,False,False,1352.0,0.04646422625975322,3.103352690669204e-05,0.0007193553037935692,False
d_ivs,703,2661,-0.13,-0.139,0.080072358598437,0.085147829286032,0.0010754011678468,-0.0005683971201212,0.0169402611554004,0.0149825651530068,2657,0.0253996676057718,3.761863367732541e-05,0.0012921486900485,0.0400396137709666,0.0003887258813323,True,True,1352.0,-0.011233012054922638,0.24828758030515086,0.5530373310350715,False
rais_div_23,703,2661,0.0013908205841446,0.0,0.0796794539748315,-0.0180391692806807,0.0005014932907409,-0.1092722869334563,0.0107263084080672,0.1676368408916307,2657,0.0016285749908311,0.8094932814059778,0.0006268666134261,0.2887078926466974,0.8774227875379479,False,False,1352.0,0.008669610719508678,0.2521092164040012,0.5530373310350715,False
rais_sec_B_extrativa,703,2661,0.0,0.0,0.0758027950219251,-0.0413941199844479,0.000299661798441,-0.0326787155872613,-0.0250415128086956,0.0001376251258975,2657,-0.0095654763101815,0.0960454654618272,0.0003870631563197,0.0007355825694525,0.256673226665228,False,False,1352.0,-0.0047146710337288705,0.5485551764136262,0.8122836266124849,False
rais_div_96,703,2661,0.0007654037504783,0.0,0.0747406161279062,-0.0139537189683873,0.0010667245941286,-0.1915827800385521,0.0028509405546137,0.5059740125922885,2657,-0.003689090359107,0.5693545157101343,0.0012917368132027,0.6590417811076027,0.7174792677648033,False,False,1352.0,-0.0024026519325977685,0.8224097956395983,0.9110939817093348,False
sih_valor_aih_mediano,326,1509,463.21,449.26,0.0725219236726877,0.0352311573657596,0.0397425214787082,-0.2332800851970181,0.0065267077616428,0.4547558891190814,1524,-0.0029262269315379,0.7242031605046702,0.0446383393420274,0.6183084457320843,0.8253786020457637,False,False,682.0,-0.012423294748107976,0.4368639948900619,0.7527108128710746,False
rais_sec_E_saneamento,703,2661,0.0002470966147763,0.0,0.0699931522337029,-0.0485039761982566,0.0015646792712039,-0.0984397910934642,0.000355610470471,0.9344138506088218,2657,0.0004316726496335,0.92544911566578,0.0018655791310508,0.9655609789624492,0.9540994511310756,False,False,1352.0,-0.00045217512209803565,0.9590896872749076,0.9717092884232617,False
rais_div_41,703,2661,0.003831417624521,0.0044966637655932,-0.0678741400868024,-0.1629157241031818,0.0051224426123961,-0.2229517109577079,0.0029260603972217,0.6677147433422883,2657,-0.0018955273992093,0.7163236638219469,0.0060149894312227,0.8027216099411163,0.8224456880918649,False,False,1352.0,0.006105829426263329,0.28103007653242407,0.5722503939014192,False
tempo_resposta,701,2656,6.747232472324724,6.686190476190476,0.0678178119038206,0.1347834001568511,0.0056768783243938,0.0819218375609354,-0.0030022169292036,0.0048900674428005,2651,-0.001771950612216,0.1212239043200503,0.0066159108291808,0.0157908427840433,0.2890723872247354,False,False,1350.0,-0.0039790072420693295,0.6213794247372855,0.8752354497025077,False
rais_sec_F_construcao,703,2661,0.0171167744389501,0.0140641904075009,0.0673246081778686,-0.0258818509168659,0.0059267588222808,-0.0838015058404864,-0.0048571238009303,0.4697732802805455,2657,0.0002384048604025,0.9644461634962674,0.0068555792347277,0.627714296926591,0.9770533028883756,False,False,1352.0,0.004870105580426762,0.4567508722680955,0.7527108128710746,False
rais_div_29,703,2661,0.0,0.0,0.0672609950483327,0.1098132496511748,1.296894548591656e-07,-0.1199976934609617,0.0125023746311219,0.1739156490876593,2657,0.0110709352026799,0.1128243309285043,1.951637427492298e-07,0.2914431164228963,0.2740744680214259,False,False,1352.0,0.0029279869317658165,0.5735404723799478,0.8277178688665862,False
rais_div_22,703,2661,0.0,0.0,0.066985694529752,0.1156074467074633,9.334349050370256e-06,-0.1330131637477964,0.017182438360774,0.0251416877651411,2657,0.0140549242829931,0.0102384948330016,1.2691439498310437e-05,0.0599532554399519,0.0528988899705084,False,False,1352.0,0.015077936709486175,0.008534264970726239,0.06342390225317357,False
hhi_smp,703,2661,39.0,37.0,0.058625646354834,0.1362158036291098,0.0166441910940845,-0.1859070464767616,0.0105232508027214,0.1791879751146323,2657,-0.0013535701558572,0.8421235972560976,0.0189694824969345,0.2954695334337023,0.8836962294190077,False,False,1352.0,0.0027718382224567843,0.7834901359679637,0.9081563757134808,False
ip_100k,703,2661,0.0,0.0,-0.0522766283758392,-0.1747862172920327,0.0001691868594597,-0.0803005090861163,-0.0012883979466372,0.7979494082780675,2657,-0.0060881964109343,0.2127279278974448,0.0002241364377458,0.9027894765189814,0.4009134523029798,False,False,1352.0,-0.005431555257892042,0.5751026751215891,0.8277178688665862,False
rais_sec_J_informacao,703,2661,0.002932551319648,0.0035885167464114,-0.0486795464544232,-0.1373548242220039,0.0426770304840406,-0.1952155790236749,-0.005562746890383,0.0447645951126328,2657,-0.0038652688441298,0.3264462136942136,0.0475894944246496,0.0986381998228285,0.5270746158604491,False,False,1352.0,-0.0046017565258963024,0.28571134069210646,0.5722503939014192,False
rais_div_15,703,2661,0.0,0.0,0.0462397958392737,-0.0349732274458706,0.000273635767089,-0.074847191788721,0.0041313182502106,0.3874110415074923,2657,-0.003393410850623,0.5376382270762168,0.0003564163352841,0.5458973766696482,0.7068083827304422,False,False,1352.0,-0.006178009245955752,0.47650391422352223,0.756511368973427,False
transito_100k,703,2661,20.912801980860603,20.458629093949583,0.0430591393624681,-0.002192298635088,0.0786614879992913,0.2389492067153236,0.0229099002247332,0.0051851364055632,2657,0.009791274329577,0.1516875683707851,0.0864718485098593,0.0164019620992307,0.335879615678167,False,False,1352.0,0.012341868656847355,0.17740351373056795,0.44787116581159775,False
share_serv,703,2661,0.2626090018434516,0.2468601422540032,0.041427115123193,0.0633541145242878,0.0906854068808796,-0.2198296456167521,0.047199725559034,1.4687242814878555e-06,2657,0.0028117584626852,0.7470799596186761,0.0989875920178615,1.0840583982410362e-05,0.8327722393485769,False,False,1352.0,0.005666198937422132,0.679695785273953,0.8752354497025077,False
rais_div_62,703,2661,0.0,0.0,0.0387521562979937,-0.0032705705844196,0.0134149063089456,-0.1957180750284198,-0.0076622454622441,0.0001850463836696,2657,-0.006286815517421,0.0391645706645084,0.0154022998361968,0.0009560729822931,0.1517627113249701,False,False,1352.0,-0.004422100784998084,0.18519117462468482,0.4526895379714517,False
autos_100k,517,2152,57.87037037037037,55.303831821448256,0.0336459988639059,0.1080019891792249,0.2342119687700848,0.0254607998483187,0.0212078796265445,0.0527893782449591,2024,0.0016819296100128,0.8412687302836644,0.2503645183404355,0.1076625477364298,0.8836962294190077,False,False,1047.0,0.018978847465498674,0.10091680247282692,0.32377474126698635,False
rais_div_77,703,2661,0.0,0.0,0.0313708950153499,-0.0444113229500578,0.1480492815643447,-0.1846961134817206,-0.0001585598054639,0.971279920569562,2657,-0.0032847357405223,0.4617666371904344,0.1604729974998141,0.9904499190018562,0.6448092681488048,False,False,1352.0,-0.0032549181362538796,0.6559581886380622,0.8752354497025077,False
cresc_pop,703,2661,0.0007729468599033,-0.004711999350069,0.0300997015528552,0.116098824187271,0.2189967040229089,-0.0792625665189383,0.0499839345746104,8.189411748028914e-11,2657,0.0296121378222345,1.4947315926112966e-05,0.2357256189135478,1.1539625644949835e-09,0.0001782179975805,False,False,1352.0,0.02827406126108231,0.0012043652772997186,0.01686111388219606,False
cfem_razao_2225_1721,381,1105,1.3811968326676822,1.3304823742887744,0.0279687889692521,-0.051722696181447,0.4150422981425202,0.047351564424735,-0.0099643152279017,0.0011427828034959,1257,0.0037614635955471,0.3254976573968458,0.4292917830453045,0.0047873333659966,0.5270746158604491,False,False,745.0,-0.005543476336728324,0.0761405969929687,0.26912891975988146,False
d_caged_mineracao_pc,703,2658,1.321910035292504,1.143203023464031,-0.0224074615187838,-0.0615200506648925,0.3602156274869031,-0.1381616883865759,-0.0113064367734581,0.1633644111068711,2655,-0.0091388737226774,0.1809557396770279,0.382420700414178,0.2845110530512925,0.3690544690781491,False,False,1352.0,-0.005472138388884823,0.4986289508107953,0.7722933403758832,False
rais_div_85,703,2661,0.0032188841201716,0.0028268551236749,0.020842120230953,-0.0591705738878237,0.3783888153492336,-0.2807964149793235,-0.0070994249964714,0.3234917361960123,2657,-0.0052148086630386,0.3850459804050239,0.3962855836427785,0.4730303689658671,0.5738666054113337,False,False,1352.0,-0.003995946495542331,0.6521978450315251,0.8752354497025077,False
rais_sec_P_educacao,703,2661,0.0032188841201716,0.0028268551236749,0.020842120230953,-0.0591705738878237,0.3783888153492336,-0.2807964149793235,-0.0070994249964714,0.3234917361960123,2657,-0.0052148086630386,0.3850459804050239,0.3962855836427785,0.4730303689658671,0.5738666054113337,False,False,1352.0,-0.003995946495542331,0.6521978450315251,0.8752354497025077,False
pbf_choque_pct,703,2661,-0.0112994350282485,-0.0157232704402515,0.0199413796992862,0.0284036361971914,0.415443661011585,-0.1047662981695964,-0.0131389745667783,0.1261490814433568,2657,-0.0151411047406185,0.0305037493404138,0.4292917830453045,0.224748363491038,0.1313355874378929,False,False,1352.0,-0.020951420097979803,0.005461156783833317,0.05236583327677208,False
rais_sec_T_domestico,703,2661,0.0,0.0,0.0175609657007627,0.0893314356374392,0.0009865185709874,-0.027744369573455,0.0054707897513971,0.2828710296389688,2657,0.0018234015364699,0.6209649745348418,0.0012135744325639,0.4298530352356879,0.7420789637336488,False,False,1352.0,0.0018414407030244821,0.7054186526193678,0.8752354497025077,False
comex_hhi_sh4_2019,257,578,0.9033509667965924,0.9156469017648194,-0.012305952364924,0.0177601500014973,0.7711588464623093,0.2158519221642145,0.0154715706384683,0.3654887716095204,740,0.0184259452506294,0.2037759302232822,0.774361942855667,0.5294463513969688,0.4009134523029798,False,False,501.0,-0.004746074163793194,0.7737385418717746,0.9081563757134808,False
cafir_ha_por_imovel,699,2646,543.7535211267606,534.7240218495936,0.0113108349364225,0.0200188333802531,0.6450999665705632,-0.0682084799731859,-0.0028717805770286,0.4017289925883308,2641,-0.0049505664292215,0.0880252702767331,0.6621887074068695,0.5609729175782998,0.256673226665228,False,False,1343.0,-0.006239611282851226,0.27024501398921297,0.5624017858694432,False
c22_share_indigena,564,2323,0.0008667456402681,0.0008836710219024,-0.0077714987039869,-0.084933409879733,0.774361942855667,-0.1354975457385095,-0.0238787940743666,0.0083640702462564,2313,-0.0159000285911967,0.0456013726669285,0.774361942855667,0.0232724388875585,0.1683687198792627,False,False,1141.0,-0.01694438439280377,0.03567464409422977,0.1707032151807561,False
saude_1000dom,703,2661,3.0719190458980847,2.971277649389237,0.0075245244651285,-0.0258324771995396,0.7586398911791888,-0.0147041863683542,-0.0129760242393563,0.0985820771127157,2657,-0.0076884209202322,0.2444861389375687,0.7685567525017927,0.1819074041960826,0.4306289947195813,False,False,1352.0,-0.01573345459523885,0.0730178218599954,0.26912891975988146,False
rais_div_78,703,2661,0.0,0.0,-0.0047357034837008,-0.0041875101586161,0.727357334212672,-0.119692900802346,0.0008800576789723,0.8726732085010314,2657,0.0002940990315619,0.9562079064615576,0.7417130710721327,0.9478965009664724,0.9750804309311936,False,False,1352.0,0.00333578622221884,0.5121882921200227,0.773303892024348,False
