nome_regiao,uf,LL,vira,taxa,n,pflavio,pdir,plula26,plula22,d_lula,flavio_sobre_dir
Sudeste,MG,452,175,0.27910685805422647,853,44.81887456037515,46.928135990621335,48.09460726846424,54.73645955451348,-6.641852286049238,0.9550533728706436
Sul,RS,42,132,0.7586206896551724,497,60.92454728370221,63.04245472837022,31.66076458752515,40.81006036217303,-9.149295774647888,0.9664050606247268
Sul,PR,48,91,0.6546762589928058,399,57.62380952380953,59.55238095238096,35.75664160401002,42.93859649122807,-7.181954887218045,0.9676155445386214
Sudeste,SP,39,88,0.6929133858267716,645,59.02139534883722,61.342480620155044,33.83581395348837,38.888837209302324,-5.053023255813954,0.9621618616030471
Centro-Oeste,GO,28,68,0.7083333333333334,246,50.99227642276423,52.00447154471545,34.28983739837398,45.2739837398374,-10.984146341463415,0.9805363828939037
Norte,TO,84,37,0.30578512396694213,139,44.510791366906474,45.48057553956835,50.2726618705036,58.45395683453238,-8.181294964028778,0.9786769590939288
Sul,SC,5,27,0.84375,295,66.83593220338983,69.30983050847458,25.891186440677966,32.83864406779661,-6.947457627118644,0.9643066750136944
Norte,PA,91,16,0.14953271028037382,144,43.422222222222224,44.702083333333334,52.337500000000006,56.34722222222222,-4.009722222222222,0.9713690947787047
Centro-Oeste,MS,6,15,0.7142857142857143,79,57.013924050632916,58.67341772151899,37.77215189873418,43.983544303797466,-6.211392405063291,0.971716430790473
Centro-Oeste,MT,9,14,0.6086956521739131,141,65.39432624113475,66.72056737588653,29.97801418439716,36.275886524822695,-6.297872340425532,0.9801224541859771
Sudeste,RJ,9,13,0.5909090909090909,92,55.95326086956521,58.029347826086955,37.16630434782609,40.40978260869565,-3.2434782608695656,0.9642235001030213
Nordeste,AL,86,8,0.0851063829787234,102,33.25686274509804,34.45196078431373,62.87941176470588,65.91960784313726,-3.040196078431373,0.9653111749807917
Sudeste,ES,14,7,0.3333333333333333,78,55.33589743589744,57.31282051282051,38.420512820512826,42.25,-3.829487179487179,0.9655064423765212
Norte,AM,54,3,0.05263157894736842,62,34.63709677419355,35.63870967741936,60.79516129032258,65.70483870967742,-4.909677419354838,0.9718953656770457
Nordeste,MA,211,3,0.014018691588785047,217,27.28064516129032,28.49216589861751,68.7705069124424,74.58986175115207,-5.819354838709678,0.9574788121886523
Nordeste,BA,413,2,0.004819277108433735,417,26.146043165467624,27.21630695443645,69.70839328537171,73.99136690647482,-4.2829736211031175,0.9606756423360236
Norte,AC,3,1,0.25,22,63.06363636363637,64.25909090909092,32.122727272727275,34.154545454545456,-2.0318181818181817,0.9813963358562637
Nordeste,RN,165,1,0.006024096385542169,167,28.608982035928143,29.949101796407184,66.88263473053892,71.24251497005989,-4.359880239520958,0.9552534239728082
Norte,AP,12,1,0.07692307692307693,16,42.78125,44.69375,50.25625,54.18125,-3.925000000000001,0.9572087819885331
Nordeste,CE,183,1,0.005434782608695652,184,25.63913043478261,27.176086956521736,70.05108695652174,74.27010869565218,-4.219021739130435,0.9434445244380452
Nordeste,PB,223,0,0.0,223,24.713452914798207,26.052017937219734,70.89192825112107,74.87533632286996,-3.9834080717488787,0.9486195263012943
Nordeste,PE,184,0,0.0,185,23.839999999999996,25.130270270270273,71.56054054054054,74.98432432432432,-3.4237837837837843,0.9486567292594263
Nordeste,SE,75,0,0.0,75,26.406666666666666,27.605333333333334,68.236,70.60266666666666,-2.366666666666666,0.9565784389489953
Nordeste,PI,224,0,0.0,224,20.024553571428573,21.167857142857144,76.01428571428572,80.29330357142858,-4.279017857142857,0.9459886957988864
Norte,RR,1,0,0.0,15,67.28,68.60666666666667,28.413333333333334,30.240000000000002,-1.8266666666666664,0.9806627149936837
