,0
c22_share_branca,0.8632181096313489
c22_share_60mais,-0.7725754051830727
nbf_share_dom,-0.7453767067617889
log_densidade,-0.5627708036877472
c22_share_preta,-0.49977343500348553
templos_1000dom,-0.29922935140529744
credito_pc,0.27554123837818467
pdm_share,-0.27483405526139293
rais_hhi_cbo_fem,0.227771647030301
capital_social_mediano,0.20932320589122302
idhm_2010,-0.19824302949679806
rais_sec_S,-0.19534854947956512
rais_div_42,0.19338167739681178
ivs_2000,0.1933348740600758
rais_sec_J,-0.19212878816930978
rais_div_69,0.1889263057488841
rais_div_46,0.1847701392720157
autos_100k,0.1792849222605229
saude_1000dom,-0.17170759810021485
rais_sec_K,0.1712281093419809
transito_100k,0.1400945085354111
pbf_choque_pct,-0.13292082065626032
rais_div_80,0.1301505010482628
credito_ha,0.1278283311512868
rais_div_33,0.12568769079708464
rais_share_estatutario,-0.12465849651262315
c22_analfabetismo_15mais,-0.12413867969284846
rais_div_25,0.11678722516450096
cauc_pendencias,0.10607001248710092
ip_100k,-0.105892722179037
infec_100k,-0.09842257661415786
rais_div_61,0.09729572179094652
pncp_valor_mediano,0.0924258691314531
rais_div_71,0.09182752113806213
taxa_aprovacao,0.07686327873610418
c22_share_indigena,-0.06924106028260955
cob_ab,-0.06725556777039325
pix_penetracao,0.06686765668500765
rais_div_14,0.06609020044381532
rais_sec_A,0.061308457778837464
suic_100k,0.05997082926245392
va_agro_ha,-0.059874186900134435
tempo_resposta,-0.059320860717466575
caged_pc_2022_2024,0.051719343186045985
rais_div_20,0.05071097676833921
share_veg_natural,0.05020332816993435
rais_sec_B,0.04450851758080046
gap_sexo,0.04273245246995566
rais_div_41,-0.04177412893232623
rais_div_22,0.04105450165892291
sinasc_share_mae_adolescente,-0.040537136249992584
comercio_por_dom,0.03694515181589229
caged_pc_2020,0.034447089992505675
cresc_pop,0.033735614844596244
rais_hhi_divisao,0.032799192279012825
rais_sec_N,0.032614136589677434
rais_sec_I,-0.03177366919759768
pix_razao_rec_pag,0.028986240531228866
rais_div_43,-0.028667164296158416
rais_sec_D,0.0280173223000074
rais_div_23,0.02720512977870946
rais_div_52,-0.023979725230124073
rais_div_86,-0.018959059067212885
ivs_2010,0.018907785140586737
densidade_smp,0.018238346409259403
pix_pag_pc,0.018185996179230567
rais_div_82,0.016870575653417718
homic_juv_100k,-0.015644079028087052
rais_div_77,0.014175226454886343
relig_100k,-0.013741086811381895
rais_sec_E,0.012919315819016612
rais_div_29,0.01208753988530865
caged_pc_2017_2021,0.011820776582275434
cafir_ha_por_imovel,-0.009452096373001321
rais_div_10,-0.003866578198798497
pib_pc,0.001134745217307562
ibc,0.0005418336921428135
rais_div_15,0.00025657039644120773
