var,n_a,n_b,med_a,med_b,d_rank,d_raw,rbis,p,q,tag,d_rank_faixa,q_faixa,d_rank_todos,q_todos,lpm_b,lpm_se,lpm_p,lpm_n,lpm_q,dl_b,dl_se,dl_p,dl_n,dl_q,dm_b,dm_se,dm_p,dm_n,dm_q,dlnoUF_b,dlnoUF_se,dlnoUF_p,dlnoUF_n,dlnoUF_q,sobrevive,dl_t
rais_emprego_formal_pc,703,2661,0.1743448275862069,0.092985256117951,1.0476469713259882,0.9519316811727856,0.5900310207555208,2.7616412181659663e-128,3.1528737240728107e-127,vira_vs_LL,0.1905859003922289,0.0058300003457913,0.2882945811883108,1.8555956116102081e-13,-0.0027508855950141,0.0080065848434668,0.7311637483461951,3364,0.846905826954984,-0.5105763277242575,0.0784228171931079,7.48719748462333e-11,5570,3.308858243204503e-10,-0.7836492389514976,0.1478217202778946,1.1497264121894821e-07,5570,4.37534773527664e-07,-0.6877291236033671,0.0963168865323947,9.314391259761172e-13,5570,3.645918864535087e-12,False,-6.5105583553191835
rais_share_publico,703,2661,0.3117088607594936,0.5612535612535613,-0.8614559403095587,-0.8981465351351927,-0.4883398202688537,1.72508017972706e-88,1.3129776923478178e-87,vira_vs_LL,-0.0997819748514609,0.7332251859219235,-0.2025339247216886,3.3779070057671817e-06,-0.003600489703288,0.0099071152896866,0.7162877060510674,3364,0.846905826954984,0.7578002145985523,0.084461859941618,2.9091533835593736e-19,5570,5.6936287649662026e-18,1.2052775617797082,0.1575350396874539,1.9964918184233093e-14,5570,1.709496119524959e-13,1.1676364906087395,0.1033616738729052,1.3638201993320277e-29,5570,3.114056121808129e-28,False,8.972099538446837
rais_div_64,703,2661,0.0084915084915084,0.0032854209445585,0.8254615227489164,0.6693505000115577,0.4228418176676647,3.5114169467018557e-69,1.781718969252423e-68,vira_vs_LL,0.3522472174593841,7.74274720432213e-05,0.3463941073017054,2.7273597850553093e-16,0.0193554753050065,0.0102574088118842,0.0591636710736273,3364,0.1633593986670836,-0.4207956973070258,0.0639331091616037,4.6474939832583966e-11,5570,2.1955402610565528e-10,-0.956873623133194,0.1233848653562404,8.820821260446032e-15,5570,8.05635008454071e-14,-0.8556207652966652,0.0970561233202838,1.1890567886768385e-18,5570,1.018129875304543e-17,False,-6.581811878464735
rais_sec_O,703,2661,0.2869565217391304,0.5294117647058824,-0.8063028112228096,-0.8584187387282013,-0.469167678329252,7.985416674734364e-82,5.209533735421943e-81,vira_vs_LL,-0.0492406554709196,0.9885781010538603,-0.1988182590170897,6.590495911001328e-06,-0.0031828592535478,0.0081979528598829,0.6978306687824085,3364,0.846905826954984,0.6782895064620531,0.0781670616846567,4.047985438084811e-18,5570,5.545740050176192e-17,1.0932071358294853,0.1460448891081419,7.13194266000634e-14,5570,5.428200802338158e-13,1.1807509941943946,0.1001572214943613,4.4492217737828433e-32,5570,1.2190867660164993e-30,False,8.677433842894386
rais_sec_K,703,2661,0.0092592592592592,0.0035327886950761,0.8023542899072241,0.6336806121765547,0.4160576645000784,9.013254104315257e-67,3.983276813842549e-66,vira_vs_LL,0.2799400583261839,0.0023060015483,0.3091260023398312,2.68587321594508e-13,0.0182017687753788,0.0097892077425845,0.0629745725470101,3364,0.1688624879195264,-0.3839904007435949,0.0636418107209346,1.603284108990068e-09,5570,6.656058270655737e-09,-0.8980069131870921,0.1229239923105874,2.76476906114781e-13,5570,1.993544007248684e-12,-0.8509850679254334,0.0969980501759725,1.736309777591428e-18,5570,1.3215246640556974e-17,False,-6.033618408931969
rais_div_01,703,2661,0.1003911342894393,0.0241635687732342,0.7634539160478397,0.6433190057206168,0.4244749110351673,1.7886556659282683e-67,8.168194207739092e-67,vira_vs_LL,0.6274180550332811,1.6904478306289986e-11,0.5531518925905111,2.8914912816418433e-40,-0.019476630368823,0.0074475629213608,0.0089183501943669,3364,0.0415709769361866,-0.5601473713015819,0.0737511988938,3.0756640932996066e-14,5570,2.4786234163649765e-13,-1.1274261682993445,0.1375995621824648,2.5367377106628983e-16,5570,2.673331279698593e-15,-0.6906598424277959,0.0895307074884824,1.2172149228708541e-14,5570,6.176238682715073e-14,False,-7.595095126632192
rais_sec_A,703,2661,0.1195039458850056,0.029940119760479,0.7563017617240857,0.6461329827838872,0.4213915452270642,1.7285061469786046e-66,7.400166941752152e-66,vira_vs_LL,0.6253885367675918,3.0530247613477083e-11,0.5661187252286644,2.847045158106402e-42,-0.0200856310623488,0.007473982474684,0.0072009202219502,3364,0.0365380026076735,-0.568774207762812,0.0736575189565688,1.1463012902363231e-14,5570,1.0469551784158417e-13,-1.1453574283502412,0.1382799648305162,1.2022372136886603e-16,5570,1.3725541522945538e-15,-0.7150099484336225,0.0884757796468439,6.401683898236439e-16,5570,3.654294558576634e-15,False,-7.721875727285659
rais_hhi_divisao,703,2661,0.2133027412148291,0.3610183788622558,-0.7561796554167024,-0.7737721295046768,-0.4339404377973178,2.8673941830649985e-70,1.5713320123196193e-69,vira_vs_LL,0.1850979389320022,0.0204572545175186,-0.1446249275265432,0.0008379278557807,0.0229246924661006,0.0094300202547504,0.0150558342377537,3364,0.0549984360876011,0.6107054392646982,0.080847424195911,4.227324923281024e-14,5570,3.2174639693861133e-13,0.9890649598013782,0.1520405054030486,7.755252865037359e-11,5570,4.0864217019619933e-10,1.1617116212338197,0.1069581604613097,1.7609703973447786e-27,5570,3.0156618054529337e-26,False,7.553802057871693
rais_share_estatutario,703,2661,0.2357723577235772,0.4140127388535032,-0.746414567386711,-0.7469081637579565,-0.4146827655995163,2.486176034466104e-64,9.822979902145098e-64,vira_vs_LL,0.0221204654507326,0.5413968898349271,-0.1687829427566268,0.0004404450540219,-0.0006854542684148,0.0084306140778576,0.9351990967459092,3364,0.9490538981791818,0.5066308656951911,0.0673578720338269,5.415974663187359e-14,5570,3.9052027834561483e-13,0.809689488159199,0.1243804759845232,7.526113531209166e-11,5570,4.0864217019619933e-10,0.6003271187560131,0.0864029219572067,3.705126431652168e-12,5570,1.3357955819377556e-11,False,7.521479678585493
rais_div_49,703,2661,0.013419216317767,0.0021186440677966,0.7425003003250548,0.5317455469485739,0.4064985890180217,2.5095204129567772e-64,9.822979902145098e-64,vira_vs_LL,0.0751659987704028,0.4181619793077643,0.235348901109918,6.357118644350553e-08,0.0136862619454751,0.0071240769703639,0.0547156041968491,3364,0.1561674536451734,-0.3485426759479819,0.0514877993373113,1.2929730066936872e-11,5570,7.062267351659466e-11,-0.5781720261200337,0.0980166011172709,3.6634268312655e-09,5570,1.792462413869191e-08,-0.6637627029299236,0.0808799127421756,2.272214768766709e-16,5570,1.4149701060047234e-15,False,-6.769422667777644
rais_hhi_cbo_fem,703,2661,0.0545550909154445,0.0865529402196816,-0.7309145568646856,-0.4858931349318376,-0.4326628295654582,7.239797417366003e-70,3.81481633145824e-69,vira_vs_LL,0.2605159695279647,0.0193648995782468,-0.1414666165430642,8.415814492694192e-05,0.0180480553197377,0.0073759728173665,0.0144102332466518,3364,0.0549984360876011,0.2550727243694412,0.0574287852928208,8.931388840498184e-06,5570,2.5491672315588564e-05,0.4382030119833628,0.1086164174496034,5.4739984931325686e-05,5570,0.0001414976968979,0.4334788013882044,0.0832945842100271,1.9487028546121232e-07,5570,5.680261512380019e-07,False,4.441548311859
rais_sec_H,703,2661,0.0190723495702005,0.0064308681672025,0.6766841741080241,0.5340271101553647,0.3860531153594704,5.315618432242102e-56,1.8672813467106873e-55,vira_vs_LL,0.0072484639493715,0.8766191780427719,0.2189219601981056,3.1051823214372756e-07,0.0126828920148432,0.0061340101589383,0.0386743902220049,3364,0.1232184060561552,-0.2157678190684354,0.0456403433369733,2.2722516504908784e-06,5570,6.767358176461965e-06,-0.3379455390533933,0.0876022076263381,0.0001144456387774,5570,0.0002799830805806,-0.531042938766494,0.0733966033913188,4.646647101801183e-13,5570,1.989345790458632e-12,False,-4.727567833470736
rais_div_46,703,2661,0.0151642796967144,0.0026041666666666,0.6600748585282111,0.513397185103625,0.362244698861325,1.9543260924507437e-51,6.53030913818907e-51,vira_vs_LL,0.1511316912622823,0.1060231024716609,0.1887136546073478,5.164204524908668e-06,0.0148169385916576,0.0078663216603754,0.0596202184916363,3364,0.1633593986670836,-0.471642296599816,0.0540348292269296,2.5810244162656778e-18,5570,4.4200043128549727e-17,-0.942641783185642,0.1039742468124149,1.2334383129697571e-19,5570,2.8163508146142783e-18,-0.7496839850702123,0.0806559134028037,1.4742476315755237e-20,5570,1.4426566108989054e-19,False,-8.728486854637108
rais_sec_C,703,2661,0.0810419681620839,0.0249307479224376,0.6071737060876817,0.5042189853056833,0.3454150168681706,2.44838801831408e-45,7.623389966114294e-45,vira_vs_LL,0.039649447708903,0.9119131785913458,0.1011581568997351,0.0215996812263517,0.0017994109355333,0.0069019843010196,0.794316756258137,3364,0.8919786525193834,-0.3349402177257869,0.0587988238567958,1.2238071872558321e-08,5570,4.4121469645802366e-08,-0.4841779104903865,0.1123405374981669,1.6331899768428638e-05,5570,4.654194344158831e-05,-0.3625841528998903,0.085113931308674,2.0443973963539052e-05,5570,4.243673383340682e-05,False,-5.696376147617032
rais_div_25,703,2661,0.0011086474501108,0.0,0.5643650325963339,0.2589825969837926,0.281084502291409,4.5405537084529076e-39,1.2959497042876006e-38,vira_vs_LL,-0.1196261912953804,0.2578088250924674,0.0187928615293054,0.2800319154089706,0.0150055696536164,0.0102156910067962,0.1418667888916647,3364,0.2735439627610363,-0.1657847679526052,0.0645981731519537,0.0102760175534385,5570,0.0169616193351936,-0.1698860839554478,0.1257586881097629,0.1767308509294637,5570,0.2221296016269406,-0.4438651430411542,0.0959237525801827,3.7051659105283088e-06,5570,8.905398767410145e-06,False,-2.566400253496816
rais_div_14,703,2661,0.0,0.0,0.4756238075047079,0.291280887355448,0.2138758945262238,4.6243931706559e-27,1.055903107299764e-26,vira_vs_LL,0.0089531421297037,0.7474352756543327,0.0981113683334435,0.1036497855133074,0.0125678963498041,0.0082452113764872,0.1274422469857424,3364,0.2645392096522229,-0.0383931559907093,0.0651229614696437,0.5554932664360854,5570,0.6187201422905992,0.0362610063629505,0.1266826691951541,0.7746981835919302,5570,0.8423305646991622,-0.1756298775350977,0.0914254616987549,0.0547295486303064,5570,0.0714090301176379,False,-0.5895486802854598
rais_div_28,703,2661,0.0,0.0,0.4637315337998523,0.3294302754108236,0.1355649246825891,1.6101857076697784e-22,3.3423551810721154e-22,vira_vs_LL,-0.119195564694616,0.0543061065899074,-0.0742649028299819,0.1048393222751932,0.0160760809035804,0.0164933309466172,0.3297081534444529,3364,0.5182646023047491,-0.0712675440530311,0.0675818982204598,0.2916375914610918,5570,0.3504767546506103,0.0326772105762611,0.1297751672187795,0.8011967087915348,5570,0.8508833263910098,-0.3049470932226014,0.1012661596094758,0.0026009526965486,5570,0.0038731578198604,False,-1.0545359915838455
rais_div_10,703,2661,0.0120967741935483,0.0038961038961038,0.4575959975334872,0.3053131521145579,0.2515706830072224,1.794031266273886e-25,4.0292177619593827e-25,vira_vs_LL,-0.1003540999273712,0.1712293188211709,0.0691466400735193,0.1605146901420989,-0.0010108843041575,0.0066890286900364,0.8798765406668877,3364,0.9214148496055696,-0.1980948518718515,0.048905878878463,5.110121113145987e-05,5570,0.0001228222092107,-0.3017907584985581,0.0938639085055568,0.0013035599042331,5570,0.0026654881623872,-0.2288312379274494,0.0690734246037818,0.0009234407436565,5570,0.001471062580011,False,-4.050532500686494
rais_div_43,703,2661,0.0043451272501551,0.0005865102639296,0.4566747847098571,0.1104293823022482,0.2842293429725935,1.1892621791607108e-33,3.074130538585233e-33,vira_vs_LL,-0.1200570995242889,0.3649711311734292,0.0992967734557106,0.0052679157805987,0.0020476891498362,0.0060646883471597,0.7356335285229423,3364,0.846905826954984,-0.2361283937576047,0.0495386365995544,1.874071354825076e-06,5570,5.705506124689677e-06,-0.3365172542536108,0.0915310430211719,0.0002364216999065,5570,0.0005369664199231,-0.4995737475409372,0.0687985989842298,3.831206154037127e-13,5570,1.749584143676955e-12,False,-4.766550110499582
rais_div_45,703,2661,0.0073937153419593,0.0030487804878048,0.435516694579117,0.2712063208856496,0.2620347755338559,2.3283245266034892e-27,5.499663105942725e-27,vira_vs_LL,-0.1389734977726377,0.1370582429731839,0.0137723550425047,0.426067945061282,0.0131239926672566,0.0089771675992736,0.1437603307941213,3364,0.2735439627610363,-0.5784695561206713,0.0591307233057303,1.3334318216244183e-22,5570,3.6536031912509064e-21,-1.1134534193880106,0.1132726717023746,8.374306534591525e-23,5570,2.8681999880975978e-21,-0.8968198443773328,0.0798132031169861,2.6991735303760837e-29,5570,5.282668195164621e-28,False,-9.782893287635675
rais_div_56,703,2661,0.0089928057553956,0.0025445292620865,0.4338436226710856,0.2125917256994073,0.2723187199541557,8.509596440031096e-30,2.045288968919755e-29,vira_vs_LL,-0.2731363861409124,0.0022196993631952,0.0834370653826389,0.0250211998730335,-0.0111118087665903,0.0070995582276347,0.1175498815322309,3364,0.2477589810756251,-0.2132306411481389,0.0551091366441721,0.0001091737921078,5570,0.000241238863206,-0.3861260258034418,0.1051062152115284,0.0002390872380679,5570,0.0005369664199231,-0.384813243903169,0.0780829699100584,8.296480285065265e-07,5570,2.185803459719118e-06,False,-3.8692429991223323
rais_div_52,703,2661,0.0,0.0,0.4172028692409537,0.2108086698758361,0.184239125495875,2.3188874035899253e-22,4.74160558644507e-22,vira_vs_LL,-0.1875043971692504,0.0306149824835291,0.0598649195898612,0.187277338630048,0.015961212945852,0.0108870165726053,0.142627101918388,3364,0.2735439627610363,-0.1973625243941749,0.0575794365084163,0.0006088154840586,5570,0.0012088075553048,-0.2964115625610546,0.1100473424482673,0.0070707984826973,5570,0.0125805115860979,-0.5256752545809816,0.0887998055486322,3.2237384548064614e-09,5570,1.0270980658336865e-08,False,-3.427656405865082
rais_div_33,703,2661,0.0,0.0,0.4135448865040426,0.1523261926315916,0.1850741146415506,7.431986568221678e-22,1.4545459426376713e-21,vira_vs_LL,-0.1344548243925853,0.055080042904729,-0.0096731648665877,0.6554443815921881,0.0233580989735639,0.00909798237967,0.0102466319946646,3364,0.0438683932271582,-0.3393380558946627,0.0595271509133854,1.1941495758043588e-08,5570,4.4121469645802366e-08,-0.5181012594012356,0.1124287702660389,4.060482922903835e-06,5570,1.3244908581852986e-05,-0.5376417684475999,0.0784187423356274,7.079724047237483e-12,5570,2.4869799858244493e-11,True,-5.700559336166019
rais_div_69,703,2661,0.0064935064935064,0.0042246909716789,0.4041785809285681,0.3098532313511725,0.2353894272840455,6.43144754895105e-22,1.2957475208916087e-21,vira_vs_LL,0.0269600643455084,0.5862933648079635,0.0860272414625725,0.0350636018470583,0.011247891251521,0.0064110379453918,0.079352209030928,3364,0.197659138858857,-0.1701184940912413,0.043328840917975,8.629179634909756e-05,5570,0.0001938028868823,-0.3673401815900189,0.0820800991136442,7.627314785276788e-06,5570,2.3220936124064887e-05,-0.5358214546139601,0.0638064904535805,4.5569214581633085e-17,5570,2.9728487608017775e-16,False,-3.926218437582703
rais_div_94,703,2661,0.0065341682548325,0.0037453183520599,0.3932671485193904,0.0975036168069161,0.2349906424551888,6.742870409956426e-22,1.3388018060348262e-21,vira_vs_LL,-0.0364644107589131,0.7134145709658802,0.1206298956560064,0.0034355918384657,-0.0126156170711498,0.0064880544686113,0.0518427031652813,3364,0.1519674329063426,0.0372072581893595,0.0440807782823668,0.3986303455476822,5570,0.4628165876273937,0.0075459696168499,0.0824610662739556,0.9270877707911992,5570,0.947843467152196,-0.2219706804349945,0.0707051338105388,0.0016930249308621,5570,0.0025771601725346,False,0.8440699016478834
rais_sec_I,703,2661,0.0112197928653624,0.0041688379364252,0.3814331440164674,0.1152158402104712,0.2471418193248133,1.6404176429162318e-24,3.5675781150872276e-24,vira_vs_LL,-0.3104285858059295,0.000567906591258,0.0725042877011448,0.0680303266919101,-0.0137048817697817,0.0070285270786265,0.0511887715522331,3364,0.1519674329063426,-0.2155804532930075,0.0540748622546965,6.699760950113809e-05,5570,0.0001544500882123,-0.3888672564923192,0.1032036172669166,0.0001645860782836,5570,0.0003955840828921,-0.3663467737693869,0.0715976670988166,3.108587503599093e-07,5570,8.517529759861514e-07,False,-3.986703697507504
rais_sec_G,703,2661,0.1504146411209608,0.1171171171171171,0.3630901872521472,0.3324261070520712,0.2208343155948924,1.9070398561440432e-19,3.628673059607416e-19,vira_vs_LL,-0.020831374123963,0.5862933648079635,0.0966584598583149,0.0439439966297854,0.0006693262306871,0.0067036292560209,0.920467101289328,3364,0.9490538981791818,-0.2838435559988421,0.0528247135899687,7.730430336080811e-08,5570,2.647672390107678e-07,-0.5866022349843769,0.1030778306914062,1.26395861764233e-08,5570,5.5858816328064256e-08,-0.5567093288891443,0.0768335516391664,4.3035754960278513e-13,5570,1.9019027192123083e-12,False,-5.373309890557426
rais_sec_S,703,2661,0.0089761570827489,0.00557880055788,0.3458265290866512,0.0982036736933587,0.2078358546049759,1.9130409923852812e-17,3.541711026443021e-17,vira_vs_LL,-0.1508724339382832,0.0626755485766515,0.0823193637661683,0.07152330588469,-0.0150957959220087,0.0065980461088298,0.0221422309651078,3364,0.0777816831338403,0.0194898734983327,0.0441564332370409,0.6589361648254013,5570,0.6944173429313845,-0.0007469029622331,0.0821699166067704,0.992747538755808,5570,0.9987760799996478,-0.2569491397877887,0.0699895424242118,0.0002413666668403,5570,0.0004239388891939,False,0.44138242311617454
rais_div_81,703,2661,0.0,0.0,0.318112984334779,0.1304093717690539,0.1497848646724218,1.504384768041843e-15,2.7118514897596386e-15,vira_vs_LL,-0.2891365624008518,0.0014719967245836,-0.0169533860216762,0.6071844296106707,0.0016416972905771,0.0092300861212943,0.858830017586503,3364,0.9214148496055696,0.05659006054941,0.060426411703101,0.3490096296184701,5570,0.4121924073942277,0.2138291395715214,0.1130297682910923,0.058518312646202,5570,0.0835105086721842,-0.0609602860204516,0.084588834910973,0.4711151180711128,5570,0.5043207983654466,False,0.9365120144393064
rais_sec_D,703,2661,0.0,0.0,0.3073207892798514,0.1568055231584694,0.1255610918578935,1.0609090807007913e-12,1.7943770871112148e-12,vira_vs_LL,-0.1189996449053779,0.0781390909346412,0.1066936267899039,0.0922459959010114,0.0046369989445802,0.0095748566146849,0.6281806918471934,3364,0.8201525663698533,-0.1560892935519106,0.0548050542099609,0.0043983577165723,5570,0.0078698371175544,-0.3415343539855047,0.1050882439247163,0.0011541442640655,5570,0.0023957236996512,-0.3660991732606845,0.0821979983585423,8.433629878502997e-06,5570,1.9256788222581843e-05,False,-2.848082093923759
rais_div_20,703,2661,0.0,0.0,0.2944543989065385,0.1616382350271603,0.1048285572702589,1.8221518086620877e-11,2.971842830794119e-11,vira_vs_LL,-0.1877753581754441,0.0120084653750747,-0.0546952506399654,0.1278922439090428,0.0225185837911867,0.0104945653955189,0.0318939178335797,3364,0.1065723595902544,0.0234544286121927,0.0570976365015156,0.6812356386317614,5570,0.7124372709355061,0.1441367477134698,0.1099984602909939,0.1900766445500408,5570,0.2345991018320323,0.0268380222491871,0.0810016351442727,0.7403975597048768,5570,0.7513664124412452,False,0.41077757415703403
rais_sec_M,703,2661,0.0103027754415475,0.0069686411149825,0.2855065502102196,0.1474648907495837,0.1793099098029971,2.3743591422605216e-13,4.0660900311211433e-13,vira_vs_LL,-0.191883916961609,0.030158184111673,0.0101648318934244,0.9421141008226376,0.0065836840525102,0.006279327072489,0.2944222640739757,3364,0.4859740985317431,-0.1970147403376272,0.0462679825959539,2.061509275843464e-05,5570,5.738223799870232e-05,-0.3955652309920139,0.0868851858646859,5.295294545752471e-06,5570,1.6871054715536943e-05,-0.4847260681624995,0.0648429828193214,7.69798927520215e-14,5570,3.7665161810810516e-13,False,-4.25812255654423
rais_div_80,703,2661,0.0,0.0,0.2677863889908879,0.010535034649834,0.1067107575147687,9.849699068392323e-12,1.6257937016502992e-11,vira_vs_LL,-0.257157379371998,0.0052939253226107,-0.0402108361010066,0.3877226247645587,-0.0008663530960609,0.0099293316577335,0.9304712829244028,3364,0.9490538981791818,-0.114562533547351,0.0679864411068793,0.0919733041397077,5570,0.1272761885569693,-0.1274170820893254,0.1264024596497567,0.3134415388920234,5570,0.3766797441070807,-0.4899600883802367,0.0942742949620526,2.023389473736614e-07,5570,5.775090789623252e-07,False,-1.6850791375776077
rais_sec_Q,703,2661,0.0119705340699815,0.0052724077328646,0.2661709036848368,0.0461551580594512,0.1882023838352089,1.0767730016117786e-14,1.915816898971606e-14,vira_vs_LL,-0.2390500293632614,0.0101589387886792,0.0791523092262229,0.0374918585052606,0.0026804637302252,0.0058973469410573,0.6494544051845563,3364,0.831544425329759,-0.2282375714522486,0.0536449111086674,2.094242262726362e-05,5570,5.738223799870232e-05,-0.4153183784612123,0.1027777779833893,5.3238385774024915e-05,5570,0.0001402626702123,-0.6429561184149823,0.0785888243790449,2.8087587159044756e-16,5570,1.6730432351257094e-15,False,-4.254598744509287
rais_div_29,703,2661,0.0,0.0,0.2485164944673419,0.1153377811948171,0.0672609950483327,1.296894548591656e-07,1.890154820819754e-07,vira_vs_LL,-0.3033903342982821,0.0002608016814883,-0.1461729695756445,0.000386401115178,0.0052291936743196,0.016963548497913,0.7578840421886346,3364,0.8581001138829994,0.0367804429552273,0.0638406937603914,0.56452833088798,5570,0.6196772863454496,0.1928817178357328,0.1199175731290003,0.1077361158489141,5570,0.1490893724373863,-0.1163995732581173,0.0918846690513408,0.2052265221116552,5570,0.2382714705872607,False,0.5761284971819485
rais_div_53,703,2661,0.001850138760407,0.0020942408376963,-0.2200286371703008,-0.1162590395872363,-0.1333443453540765,5.1399092684654626e-08,7.653995323693135e-08,vira_vs_LL,-0.2440150462281596,0.007189413207326,-0.0900074028916896,0.0733987406245284,-0.0086282030373337,0.0050732828158715,0.0889967076456607,3364,0.2102163611630261,0.2851822937104643,0.0412071290470858,4.494084191741399e-12,5570,2.5653730594523817e-11,0.4962687272503214,0.0786779258131797,2.8339914256846205e-10,5570,1.4379882419214555e-09,0.2466909498397901,0.0581576216308674,2.2176907372325773e-05,5570,4.5346810597143745e-05,False,6.920702808113553
rais_div_86,703,2661,0.0079522862823061,0.0044247787610619,0.2116178166659772,0.0039970185377607,0.1517012770202113,4.392481111930492e-10,6.838294458346333e-10,vira_vs_LL,-0.2544262392734339,0.0063276037244372,0.0424127991389617,0.2362317864145434,0.0021466462777215,0.0061679879955677,0.7278174811081851,3364,0.846905826954984,-0.2530468581235897,0.0542677890649226,3.117400293819084e-06,5570,9.0868902181535e-06,-0.4761063435919425,0.1049181772874639,5.682194769907965e-06,5570,1.76922882608498e-05,-0.6666991861935532,0.07595497253207,1.6706217376554837e-18,5570,1.3215246640556974e-17,False,-4.662929197665676
rais_sec_L,703,2661,0.0,0.0,0.2087130222603293,0.0549265045203433,0.0999982359384246,6.516722688240789e-08,9.599903314935357e-08,vira_vs_LL,-0.3930300690699647,1.1921471887355304e-05,-0.1213839702183139,0.0036033999955716,-0.0035585968271836,0.0095197533934284,0.7085442869873091,3364,0.846905826954984,-0.1038104181293236,0.0645924941578499,0.1080194601328828,5570,0.1479866603820494,-0.0944081300502447,0.1200706125186721,0.4317083018843493,5570,0.5055045928047509,-0.2012139414495907,0.0818325351622649,0.0139382781695775,5570,0.0198910844711679,False,-1.607159151892071
rais_div_47,703,2661,0.1147687972332522,0.1014633200891559,0.1952769777394837,0.1572529176141289,0.1184700988890155,1.3108507968225031e-06,1.8325159098437035e-06,vira_vs_LL,-0.0973263584526772,0.2267423628214565,0.0656661993449034,0.1882039608222593,-0.0023208345015171,0.0059336964069031,0.6957026630992529,3364,0.846905826954984,-0.1378594453286003,0.052044320261735,0.008075768706143,5570,0.01359720041092,-0.2960951732268406,0.1006555382133472,0.0032644973932137,5570,0.0060437316604093,-0.3316088615137915,0.0728094904333642,5.251705826220197e-06,5570,1.240489134814081e-05,False,-2.648885500575169
rais_div_93,703,2661,0.0,0.0,0.1900371099087191,0.0430657673946328,0.1075853044048618,6.737234331470592e-07,9.614594827202823e-07,vira_vs_LL,-0.4444328011546891,3.706625369485072e-06,-0.1122983390472778,0.020373226872534,-0.0040848640456256,0.008342532488167,0.6243864232955405,3364,0.8201525663698533,-0.0421959555327897,0.0587094557193259,0.4723103558061272,5570,0.5347646177309043,-0.0166954861189046,0.1100050346789613,0.8793681867372634,5570,0.9058153502481584,-0.1528876413076725,0.077313402767904,0.0479845747785436,5570,0.064449870045691,False,-0.7187250335706944
rais_div_71,703,2661,0.0,0.0,0.1887686135534127,0.07771137984306,0.1001361534797717,2.7428608233461166e-06,3.75771932798418e-06,vira_vs_LL,-0.2515941203710186,0.0021487624373264,-0.0321487985071016,0.271935808972944,0.0112208711770495,0.0070557655886394,0.1117644154766891,3364,0.2392457018797876,-0.1449154380671552,0.0500828755281724,0.0038095884372022,5570,0.007046737947962,-0.2094561786714022,0.0940244446650111,0.0259020009002301,5570,0.042244930039661,-0.2521903930133757,0.0689886091463451,0.000256644482261,5570,0.000439503675872,False,-2.8935127334219857
rais_div_22,703,2661,0.0,0.0,0.1875959014212431,0.1363265886697126,0.066985694529752,9.334349050370256e-06,1.2296209806737742e-05,vira_vs_LL,-0.2861799725865444,0.0002277803803496,-0.1654648073855298,7.013172912894544e-05,0.0119896020865627,0.0117155264553443,0.306121490032924,3364,0.4992695730298879,0.1232382125666946,0.0622858647853567,0.0478621441959468,5570,0.0697565293068587,0.3859084494674076,0.1262932510655945,0.0022457041100302,5570,0.0043332600432978,0.1601672295440405,0.0897584227433997,0.0743545303664243,5570,0.0952015949551414,False,1.9785903750615932
rais_sec_N,703,2661,0.0113876001687051,0.0073403474431123,0.1820844257698216,0.0922616680793945,0.112826705540169,4.001343159433417e-06,5.322174881964837e-06,vira_vs_LL,-0.2866568817247161,0.0015038176068075,-0.0350431832217266,0.4124331052518247,-0.0023304487304576,0.0058931063540754,0.6925083329746504,3364,0.846905826954984,-0.1185031113692646,0.0518979172526503,0.0224074895955295,5570,0.0352853571791672,-0.185074321462397,0.094069660040964,0.0491350665317267,5570,0.071611745902623,-0.239965899889298,0.0753327081306597,0.0014454681539145,5570,0.0022761969780033,False,-2.283388575930047
rais_sec_R,703,2661,0.0,0.0,0.1759519401294459,0.0365257588431992,0.1010481198578272,3.877081685117274e-06,5.207452851579084e-06,vira_vs_LL,-0.4467536762787421,2.943138632712435e-06,-0.1119004933694903,0.0152422896418595,-0.0028580413744562,0.007942867410394,0.7189780903366695,3364,0.846905826954984,-0.0310700101745149,0.0570964832993642,0.5863267011153639,5570,0.6375139528000385,0.0172416796659454,0.1058365034330415,0.8705903766829018,5570,0.9035672848905876,-0.1466501294879578,0.0758182136728853,0.0530844241496778,5570,0.0699285202740948,False,-0.5441667924031476
rais_div_61,703,2661,0.0017825311942959,0.0025523226135783,-0.1727511599688109,-0.1616266246187787,-0.0835887213386767,0.0004484516667972,0.0005485524852787,vira_vs_LL,-0.3022492225965746,0.0004398191224747,-0.1480845443086179,0.0014346189753612,0.0071249003443529,0.005454375310466,0.1914599135019867,3364,0.3406494564905479,-0.1011771496066909,0.0436003732507663,0.020310767376116,5570,0.0327361780062105,-0.1679934140363904,0.0795812070720198,0.0347750273477407,5570,0.0529353194071164,-0.06418654210063,0.0534761378473568,0.2300291380745156,5570,0.2626165993017387,False,-2.3205569600235627
rais_div_82,703,2661,0.005858230814294,0.0039243667499108,0.1722018715542701,0.079316790236141,0.1032473166217899,2.398952633750678e-05,3.130062007846123e-05,vira_vs_LL,-0.2662604816053741,0.0015837820497653,-0.0308545200152301,0.3466705139207856,0.0010155125887384,0.0067870763620033,0.8810609145863476,3364,0.9214148496055696,-0.0954904338836847,0.0499683935464532,0.0560024365061627,5570,0.0807614084352031,-0.192732942729292,0.091106683119081,0.0343903878972508,5570,0.0529353194071164,-0.2846126667191863,0.0761407118972777,0.0001855026797437,5570,0.0003343929884853,False,-1.9110166868765122
rais_div_41,703,2661,0.003831417624521,0.0044966637655932,-0.137826103057627,-0.1423213434106431,-0.0678741400868024,0.0051224426123961,0.0059472426940531,vira_vs_LL,-0.4028750631741767,5.661353575344837e-06,-0.2033990886829238,2.134884555650418e-06,-0.0039534990477507,0.0045439700631604,0.3842709283654804,3364,0.5849457465118979,-0.0112036939648817,0.0402116066876735,0.7805376819563585,5570,0.8040124994588054,0.0438071436817789,0.0755279375722787,0.5619062259125946,5570,0.6362078756200451,0.0638833033743662,0.0546118075194271,0.2420931761993148,5570,0.2741054970190589,False,-0.2786184111443647
rais_div_55,703,2661,0.001008064516129,0.0,0.136034296529484,0.0053503792572915,0.0915841967880179,5.071211636538059e-05,6.554301832129377e-05,vira_vs_LL,-0.3211359736924729,0.0004559837733696,-0.0413220561302717,0.3951906491352008,-0.0147692145555493,0.007509806313689,0.0492227458440419,3364,0.1519674329063426,-0.2098086518890725,0.0501746302278069,2.8950503681534244e-05,5570,7.627344239173446e-05,-0.3746884177819485,0.0939056576705765,6.605892803229323e-05,5570,0.0001645467843713,-0.2933485184909291,0.0655521960437592,7.639799560556396e-06,5570,1.7739873555868244e-05,False,-4.181568472681958
rais_div_42,703,2661,0.0022650056625141,0.0011160714285714,0.1333937285053358,0.0120990690295075,0.0862829244719709,0.0002439026405534,0.0003093950162575,vira_vs_LL,-0.0320751653801202,0.5862933648079635,0.0146556184687138,0.8312877991903922,0.0095358895488757,0.0054729036893,0.0814416019530961,3364,0.1992410619209674,-0.1579068769660556,0.0395747133546701,6.604675814260131e-05,5570,0.0001544500882123,-0.2381441647795562,0.074575896429155,0.0014065049831802,5570,0.0028336938631719,-0.263724674712912,0.0536678441989598,8.922921163831961e-07,5570,2.3064909423490164e-06,False,-3.9900952800564364
rais_div_15,703,2661,0.0,0.0,0.1307234461847263,-0.0349845218165434,0.0462397958392737,0.000273635767089,0.0003439275237725,vira_vs_LL,-0.1756225797899548,0.0234258463680277,-0.0908201282723162,0.0388282588660126,-0.0094531293348602,0.0113916259750691,0.4066340948662609,3364,0.6055312064856276,-0.0553981329237258,0.0728827500734501,0.4471951850417527,5570,0.5126225233527568,0.0279246250109567,0.1458398370092094,0.8481537756520721,5570,0.8938235943410299,-0.3557490312670225,0.1130847903537308,0.001655986896022,5570,0.0025491034242137,False,-0.7600993769842167
rais_sec_B,703,2661,0.0,0.0,0.1170307035449541,-0.0425617621985036,0.0758027950219251,0.000299661798441,0.0003732151489675,vira_vs_LL,-0.0775031323917062,0.3504895046620503,0.0277548160201,0.5071215792237239,-0.0081999920999792,0.0070308546474051,0.2434985581893712,3364,0.4118432403943686,-0.1955386865403389,0.0534394878082073,0.0002531347858012,5570,0.0005335302408426,-0.3284453650362434,0.0946720236468513,0.0005218223004046,5570,0.0011347564310386,-0.3188216695280443,0.0772454870650337,3.669158459360777e-05,5570,7.181067270463235e-05,False,-3.6590673780804432
rais_sec_J,703,2661,0.002932551319648,0.0035885167464114,-0.1050991933061834,-0.1096472212411489,-0.0486790118903095,0.0426793074729269,0.0475371148275689,vira_vs_LL,-0.3562878463155369,5.342579184953258e-05,-0.1766804800477564,2.772472259018575e-05,0.0020436303032474,0.005796035404825,0.7243950361085416,3364,0.846905826954984,-0.0603487387864671,0.046393331440159,0.1933247578253717,5570,0.2452360353895919,-0.1059704979377109,0.084457009217322,0.2095778457875518,5570,0.2563586149365588,-0.1069712557846099,0.059912833826525,0.0741886613235314,5570,0.0952015949551414,False,-1.3008063209323228
rais_div_23,703,2661,0.0013908205841446,0.0,0.1036600396634763,-0.0180994266437663,0.0796799885389454,0.0005014495917764,0.0006079521599413,vira_vs_LL,-0.1880441482673193,0.0219720084584982,-0.0854822150575592,0.0482517725323815,-0.0001781250184016,0.0055998639692965,0.9746245194936284,3364,0.9746245194936284,-0.1906747568405825,0.0454347971356011,2.7087061518370852e-05,5570,7.276328290229033e-05,-0.2648251517992974,0.0862769070013209,0.0021443250059083,5570,0.0041967503687063,-0.2500032222611693,0.0622218985720819,5.871167419916126e-05,5570,0.0001117152689622,False,-4.196667947509696
rais_sec_F,703,2661,0.0171167744389501,0.0140641904075009,0.0952224277183062,-0.0284115145851078,0.0673246081778686,0.0059267588222808,0.0067663829887705,vira_vs_LL,-0.1635801129895982,0.0693072741484816,-0.0467103730700811,0.2063163377048719,0.0010686521668699,0.0044504936504821,0.810237294141075,3364,0.8946193149941716,-0.1250083325193018,0.0382221393966191,0.0010732948511941,5570,0.0020710055579379,-0.1436632163869965,0.0701805322043655,0.0406529545756435,5570,0.0605375519224256,-0.1909717643284635,0.0531352308788317,0.0003255517208783,5570,0.0005506245155597,False,-3.2705739263344134
rais_div_62,703,2661,0.0,0.0,0.094586362927922,-0.0073708310876321,0.0387521562979937,0.0134149063089456,0.0151887782175665,vira_vs_LL,-0.4461034662128115,1.8725673388946636e-07,-0.1715601718039004,2.6039064969041505e-05,-0.0170321044802217,0.0100629586008828,0.0905403241723989,3364,0.2102377018918415,0.0628200971665634,0.0578685373217784,0.2776711975195971,5570,0.3366456111520779,0.1618803191317671,0.1078745442124534,0.1334499875710057,5570,0.174120459973598,-0.0833293748363815,0.0777352833651232,0.2837364936700611,5570,0.3160317043316941,False,1.085565664417122
rais_sec_E,703,2661,0.0002470966147763,0.0,0.0881678076987353,-0.0446079970761977,0.0699931522337029,0.0015646792712039,0.00183214581329,vira_vs_LL,-0.2076490265996125,0.0417227335115811,-0.0654538557543008,0.1882039608222593,0.0067941659878822,0.0059265838195483,0.2516345468612299,3364,0.4204138160974206,0.0738763352063543,0.0476796785088239,0.1212783316190384,5570,0.1613119556486239,0.1791100085393594,0.0877510416827407,0.0412393512275048,5570,0.0607504421308405,0.1457631063819371,0.0719562957422342,0.0427937724425697,5570,0.0580469982636837,False,1.5494302293309774
rais_div_96,703,2661,0.0007654037504783,0.0,0.0787159629795106,-0.0136989366919157,0.0747406161279062,0.0010667245941286,0.001270085862026,vira_vs_LL,-0.3887799663305022,7.142888103607154e-05,-0.0959038278777644,0.0451689674181624,-0.0043727424007668,0.0061024584787724,0.4736491981644279,3364,0.6700581474434515,-0.1300356977043396,0.0476878523152357,0.006394991107908,5570,0.0109514222722925,-0.1838028109511432,0.0883761020307657,0.037545756368444,5570,0.0565249299173278,-0.357868775517791,0.0736077508897642,1.1630226281270427e-06,5570,2.95063148247046e-06,False,-2.726809688235734
rais_div_77,703,2661,0.0,0.0,0.0441455579158794,-0.0396264541320698,0.0313708950153499,0.1480492815643447,0.1609742188437716,vira_vs_LL,-0.3743231015201821,4.121240347332833e-05,-0.0868602620490152,0.0350636018470583,-0.0030469753887306,0.0062047949580057,0.6233784516900848,3364,0.8201525663698533,-0.2630466307956172,0.0511838500274465,2.7583636272804626e-07,5570,8.997519450891032e-07,-0.4015115051093156,0.0948674980586561,2.312724509625099e-05,5570,6.336865156372772e-05,-0.210276644460496,0.073518888627437,0.0042341170017474,5570,0.0061710003110574,False,-5.1392505771754715
rais_sec_P,703,2661,0.0032188841201716,0.0028268551236749,0.0177388424366411,-0.0591762896972806,0.020842120230953,0.3783888153492336,0.3957196007850764,vira_vs_LL,-0.527405761835505,7.240156771590158e-09,-0.1418475523011374,0.0006238721909027,-0.0105220475987904,0.007146736168872,0.1409433604112497,3364,0.2735439627610363,-0.1062447443638079,0.0492964598499192,0.0311445778761262,5570,0.04740896854477,-0.148617748901736,0.0941211440703122,0.1143349301583988,5570,0.1535675042323591,-0.3713524892160802,0.0850706664884298,1.2699273213409965e-05,5570,2.7184381722455703e-05,False,-2.155220571360806
rais_div_78,703,2661,0.0,0.0,-0.0146121551284965,-0.0070840689746318,-0.0047357034837008,0.727357334212672,0.7436414536353437,vira_vs_LL,-0.3420108375596635,4.6038376585693593e-05,-0.145433761122714,0.0001913636854438,-0.012947039705005,0.00906113481831,0.1530461701423083,3364,0.2826778379032523,-0.0046228095998547,0.0637004969930481,0.9421474940985431,5570,0.9421474940985431,0.0293117210835844,0.1154541925874358,0.7995868566354833,5570,0.8508833263910098,-0.0465180934161453,0.0774808639381594,0.5482518757476629,5570,0.5733626486826703,False,-0.07257101307010536
