var,n_a,n_b,med_a,med_b,d_rank,d_raw,rbis,p,q,tag,d_rank_faixa,q_faixa,d_rank_todos,q_todos,lpm_b,lpm_se,lpm_p,lpm_n,lpm_q,dl_b,dl_se,dl_p,dl_n,dl_q,dm_b,dm_se,dm_p,dm_n,dm_q,dlnoUF_b,dlnoUF_se,dlnoUF_p,dlnoUF_n,dlnoUF_q,sobrevive
nbf_share_dom,701,2650,0.11925675675675676,0.3368327701466055,-1.5913194215174367,-1.6044672798558974,-0.8026135170780286,6.603733754054323e-235,9.047115243054423e-233,vira_vs_LL,-0.782675630992378,4.704597397536017e-17,-0.382272774310885,9.509436594936455e-29,-0.04006740952609507,0.011905302249153702,0.0007640239652095879,3351,0.005815071290761863,0.700988425570371,0.12025329221775316,5.5671707877098466e-09,5555,2.1186177719895805e-08,1.1244760592385823,0.23509421333924632,1.7262342494051074e-06,5555,6.063951081243583e-06,1.2723283041160398,0.1229948102341293,4.4290456576319885e-25,5555,6.741991723284249e-24,True
pdm_share,699,2647,0.007996123091834261,0.01912386035134534,-1.547188765014305,-1.5042472771295046,-0.7787507978638597,1.0067086938969102e-220,6.895954553193835e-219,vira_vs_LL,-0.8350498502061334,2.276959758107297e-17,-0.4062658945295769,1.144774368551734e-30,-0.06662601333260927,0.009716626985771882,7.036711604695547e-12,3346,9.6402948984329e-10,0.6518532739632499,0.110256447735551,3.3765934789617246e-09,5547,1.3605685488757537e-08,1.0509192381531085,0.21416631784204337,9.246877343394631e-07,5547,3.333742621171222e-06,1.0800156491642516,0.11183353490177837,4.575439026491282e-22,5547,4.8218088202254285e-21,True
c22_analfabetismo_15mais,703,2661,0.07817739194341096,0.1815041981778122,-1.4261766159896285,-1.5260657038257164,-0.7587095194642812,8.739818735606111e-211,3.991183889260124e-209,vira_vs_LL,-0.23382706396403494,0.0006554174154813748,-0.3248147023830694,3.051270389949774e-20,-0.015367460516650548,0.012011560684177167,0.20076004969982664,3364,0.35077963754863195,-0.1311284549853954,0.1362519129309976,0.33585013627718563,5570,0.40009972756499507,-0.6205424137874378,0.25782953723731394,0.016093273687201672,5570,0.026887542623739377,1.0552656290838096,0.12479366914958596,2.7650873339131865e-17,5570,1.9937734986637187e-16,False
idhm_2010,703,2661,0.688,0.6,1.3736824204211433,1.5166669840867737,0.7464722777723432,4.104134377408047e-204,1.4056660242622562e-202,vira_vs_LL,0.29285841874751223,0.00010030056291336325,0.3336963922557916,6.176802719400891e-22,0.013783701389575976,0.010111529581384941,0.17282994898085602,3364,0.3115487238207536,0.06363883806299463,0.10481658728972373,0.5437548711150766,5565,0.6106099782193892,0.3127840584457171,0.19786221963530798,0.11391977309382899,5565,0.15356750423235918,-0.662368224790293,0.12225206973141776,6.025147008919691e-08,5565,1.794445957004343e-07,False
ivs_2010,703,2661,0.293,0.445,-1.3640792945596107,-1.4104032729348235,-0.729063128279885,8.522926366312543e-195,2.335281824369637e-193,vira_vs_LL,-0.5232502685697744,4.522327984075186e-09,-0.3141894476872226,5.278628725673809e-21,-0.03837866680596911,0.010784345097950393,0.000372639960737613,3364,0.003140001834845256,0.1017312846218228,0.09125982783127137,0.26496042606105197,5565,0.3270232285618389,-0.04625935741235675,0.17313191027489946,0.7893217976830429,5565,0.8508833263910098,0.5103127468027182,0.11890000528018706,1.7711171378019415e-05,5565,3.732969967367169e-05,True
pib_pc,703,2661,31999.100629559307,13510.780470420528,1.3400891867534093,0.7661127243668447,0.714067001196889,6.007410891009381e-187,1.3716921534471418e-185,vira_vs_LL,0.5610988374577914,1.6904478306289986e-11,0.5374964119657573,1.4290519972829302e-40,0.0035029018258937814,0.008313854132074501,0.6735118727604457,3364,0.846905826954984,-0.8775359111780501,0.08500740315089486,5.543208889584854e-25,5570,2.53139872624375e-23,-1.573077279547453,0.16069868897856138,1.2554811952182906e-22,5570,3.440018474898116e-21,-1.2756150142106888,0.09964808799856711,1.6143898869423129e-37,5570,7.372380483703228e-36,False
c22_share_branca,703,2661,0.5006876878406602,0.24459627329192546,1.3225214808901744,1.5332217703381614,0.6544406508211171,2.3318839327513658e-157,3.993351234836714e-156,vira_vs_LL,0.7740135475213971,3.968990687689206e-17,0.3863445840110049,2.6794430505201135e-25,0.058917729981038454,0.014720630910106757,6.270539105814007e-05,3364,0.0009441223740051033,-1.0712714559389136,0.1287619150785937,8.812297944762257e-17,5570,1.0060706820270243e-15,-1.9577503417791742,0.23045166835416578,1.974644927718405e-17,5570,2.45933050088565e-16,-0.8198962455473626,0.14675227485961842,2.311047000907464e-08,5570,7.035854202762723e-08,True
pix_ticket_pf,703,2661,194.7811231450347,142.99266715853622,1.2601378438490036,1.3224540525503394,0.6437119490581782,2.622576310769594e-152,3.992143939727048e-151,vira_vs_LL,0.6923781151606799,1.6904478306289986e-11,0.37544006925666146,3.133985638318356e-22,0.054915655505777095,0.009472268629218728,6.73032359384367e-09,3364,4.6102716617829137e-07,-1.0099439462650617,0.08550428274182645,3.39954487500368e-32,5570,2.328688239377521e-30,-1.9951037841522428,0.15696198724717406,5.1541099857019994e-37,5570,3.5305653402058697e-35,-1.3579575315491565,0.0940480904538432,2.9420700135604686e-47,5570,2.015317959288921e-45,True
ivs_2000,703,2661,0.423,0.594,-1.2571376102535825,-1.4023937597688765,-0.6776679961276175,1.3986114146790093e-168,2.7372823401574897e-167,vira_vs_LL,-0.404989637831775,1.0917966302345117e-05,-0.2755073765427151,1.0318009703509479e-16,-0.04955362233369994,0.010813497862344807,4.592935603209983e-06,3364,0.00010487202960662794,-0.04038271968116381,0.08855295982154943,0.6483691085768069,5565,0.6927585887685869,-0.24122483123911187,0.16779648884819443,0.15054656768622116,5565,0.1927558857290869,0.26798874776997206,0.10968476875678008,0.014555122109614226,5565,0.02055723431976442,True
c22_share_parda,703,2661,0.4091054313099042,0.6219819942709044,-1.2054817310859924,-1.3744630359242243,-0.6195261302957262,3.1617399595384814e-141,3.9378034041524725e-140,vira_vs_LL,-0.6259947571723568,1.6904478306289986e-11,-0.36270788066523424,4.299549914305442e-22,-0.04118116258938336,0.011610118232413796,0.0003896352641778785,3364,0.003140001834845256,0.2750895668245924,0.11889451007552476,0.020682642455340346,5570,0.03294793042304218,0.471738586539467,0.21442935318672784,0.027808877181576413,5570,0.04482136675148198,0.5604109218698814,0.1355437718451106,3.556688710838443e-05,5570,7.061831208476329e-05,True
credito_pc,690,2609,17595.012013328575,2198.8209138321995,1.12056974698594,0.9174456126034959,0.5797901355952917,1.1750742240733335e-121,1.2383474515234362e-120,vira_vs_LL,1.0522303788804512,2.6565142957210993e-26,0.6393265742239655,2.8052597259972507e-57,0.04505956540251977,0.01242212803200106,0.00028633080977952686,3299,0.003017486226138091,-1.0906038205429098,0.0899725208888412,8.123712490739386e-34,5456,1.1129486112312959e-31,-2.2040824432781645,0.16284344228881203,9.721127027732678e-42,5456,1.331794402799377e-39,-1.487103175898793,0.10187306271837779,2.9086716741051444e-48,5456,3.984880193524048e-46,True
formalidade,703,2661,0.1672158154859967,0.08915365653245687,1.1139192156715636,1.0332999506055367,0.6214484228487669,4.311878086919225e-142,5.907272979079338e-141,vira_vs_LL,0.22697042246885246,0.001026390788969179,0.3301536777897832,8.92432444515472e-18,-0.005915962366741549,0.008269265110931347,0.474352193222477,3364,0.6700581474434515,-0.5136405240389912,0.07870855360664925,6.761518991126247e-11,5570,3.087760339280986e-10,-0.7944457044866111,0.14757467814796155,7.31133865027546e-08,5570,2.861866843107823e-07,-0.802133353486673,0.10026968895761128,1.2466289698447095e-15,5570,6.5687757257202e-15,False
rais_emprego_formal_pc,703,2661,0.1743448275862069,0.09298525611795105,1.0476469713259882,0.9519316811727857,0.5900310207555208,2.7616412181659663e-128,3.152873724072811e-127,vira_vs_LL,0.19058590039222892,0.005830000345791366,0.2882945811883108,1.8555956116102081e-13,-0.002750885595014187,0.008006584843466873,0.7311637483461951,3364,0.846905826954984,-0.5105763277242575,0.07842281719310797,7.48719748462333e-11,5570,3.3088582432045034e-10,-0.7836492389514976,0.14782172027789467,1.1497264121894821e-07,5570,4.37534773527664e-07,-0.6877291236033671,0.09631688653239476,9.314391259761172e-13,5570,3.645918864535087e-12,False
cob_priv,703,2661,6.05161666870117,1.50985777378082,1.0139506892216443,0.8395513121026611,0.5629858185486263,5.683944818342797e-117,5.56214600080688e-116,vira_vs_LL,-0.03642069314071072,0.32780803213552023,0.3018990963974132,4.8421812905425876e-14,-0.004881849143347624,0.010092288598193859,0.6285840837141211,3364,0.8201525663698533,-0.19787886634021082,0.10380330341009368,0.05661300682249133,5565,0.08079147848626367,-0.20530636529284071,0.19789449574416676,0.2995244899997078,5565,0.3631403108846015,-0.3468318905490885,0.11287426099218943,0.0021211180155230437,5565,0.0031933315178753518,False
div_nomes,703,2661,0.036328871892925434,0.02599388379204893,0.9663521565449342,1.0203922255383826,0.5132029317634255,1.5748571878824002e-97,1.4383695649325922e-96,vira_vs_LL,0.9179794955610077,8.786602627877078e-20,0.5339869147660156,2.980475155310571e-43,0.0076337496111166,0.013280044840723818,0.5654072208309933,3364,0.7746078925384607,-0.5068533963360863,0.10175180900878686,6.316780946624422e-07,5565,1.9668158856535133e-06,-0.8668159846840878,0.19613500795741706,9.893578330778014e-06,5565,2.946565720253452e-05,-0.9554033099788133,0.1189135488834135,9.401025784477668e-16,5565,5.151762129893762e-15,False
credito_ha,690,2609,199.85585479766436,66.89870616602558,0.9370252974083991,0.8155563241062879,0.49190150038051117,4.107320511666095e-88,2.9615942636750264e-87,vira_vs_LL,0.8165490983826349,6.612646353734229e-17,0.4244636996727097,5.001437961999028e-25,0.027961541776209783,0.009847425247903014,0.004518749104762569,3299,0.024750862382084706,-0.6130667974284829,0.08001115628619436,1.826801563469535e-14,5456,1.5641988387207895e-13,-1.198306465263796,0.1510241488727036,2.1128464189859894e-15,5456,2.067571138579147e-14,-0.7279265581432179,0.10186786338887668,8.94784968706142e-13,5456,3.605457079786513e-12,True
gd_por_domicilio,703,2657,0.06831035701661364,0.03199028143348856,0.9349257873056213,0.8931096905725269,0.5092070062654219,5.126447796413361e-96,4.3895209256789405e-95,vira_vs_LL,0.629466704134006,1.6904478306289986e-11,0.30691364781045494,6.841608569347463e-17,0.03683831561297883,0.009255848356280929,6.891404189818272e-05,3360,0.0009441223740051033,-0.5320775822576111,0.0786605860131234,1.3402843149134751e-11,5566,7.062267351659466e-11,-0.8833653062779043,0.14998650615177306,3.870568539381541e-09,5566,1.8285099651561076e-08,-0.6215394718848659,0.10978081825852931,1.4993311114607552e-08,5566,4.6683718697755334e-08,True
obras_1000dom,703,2661,34.06944173018044,53.333333333333336,-0.9016749192308816,-0.766120938842835,-0.46790771071314596,2.143121112604067e-81,1.334579965576169e-80,vira_vs_LL,-0.4852360138746873,1.0588782339691191e-08,-0.476338964233819,2.2908320990688394e-29,0.0017934699371923322,0.008486786447482216,0.8326336954224591,3364,0.9053239386736263,0.14534489880442267,0.07085541193727812,0.04023884993039978,5570,0.05927658538134161,0.37069395957878765,0.13406402705537865,0.005691378294337294,5570,0.010259458241108016,0.6234312847788912,0.09265975536101653,1.7180122602326344e-11,5570,5.884191991296774e-11,False
pix_pag_pc,703,2661,62298.115802938,43073.556788161535,0.894806961134521,0.1571922361769451,0.5074173443603218,2.19082337565302e-95,1.7655458968497867e-94,vira_vs_LL,0.06429164402714004,0.5518021993204815,0.1845852737758653,5.082837397631317e-06,0.013359858100311067,0.008326618909480792,0.10860922609356498,3364,0.23618196785426035,-0.6382943813090035,0.08516141709846055,6.624164410412177e-14,5570,4.5375526211323416e-13,-1.0781428781264932,0.15764122546200307,7.962603201958936e-12,5570,4.9585301757653376e-11,-0.8525770922817059,0.11805845683984685,5.135976578243181e-13,5570,2.132208458240351e-12,False
rais_share_publico,703,2661,0.31170886075949367,0.5612535612535613,-0.8614559403095587,-0.8981465351351927,-0.4883398202688537,1.72508017972706e-88,1.3129776923478178e-87,vira_vs_LL,-0.0997819748514609,0.7332251859219235,-0.20253392472168869,3.3779070057671817e-06,-0.0036004897032880625,0.009907115289686698,0.7162877060510674,3364,0.846905826954984,0.7578002145985523,0.084461859941618,2.9091533835593736e-19,5570,5.6936287649662026e-18,1.2052775617797082,0.15753503968745397,1.9964918184233093e-14,5570,1.7094961195249587e-13,1.1676364906087395,0.10336167387290526,1.3638201993320277e-29,5570,3.1140561218081296e-28,False
rais_div_64,703,2661,0.008491508491508492,0.0032854209445585215,0.8254615227489164,0.6693505000115577,0.4228418176676647,3.5114169467018557e-69,1.781718969252423e-68,vira_vs_LL,0.3522472174593841,7.74274720432213e-05,0.3463941073017054,2.7273597850553097e-16,0.019355475305006507,0.010257408811884257,0.059163671073627334,3364,0.16335939866708366,-0.4207956973070258,0.06393310916160373,4.6474939832583966e-11,5570,2.195540261056553e-10,-0.9568736231331941,0.12338486535624041,8.820821260446032e-15,5570,8.056350084540709e-14,-0.8556207652966652,0.09705612332028385,1.1890567886768385e-18,5570,1.018129875304543e-17,False
pbf_2019_2006,703,2660,0.8593103448275862,1.2077456497465942,-0.8198347286445947,-0.5145111178639064,-0.44661707611846113,2.5599877927840633e-74,1.4613263650475695e-73,vira_vs_LL,-0.595861773801094,1.2142658014316116e-10,-0.337610497937813,9.460470263150675e-21,-0.023035923954867553,0.008714271261267484,0.00820607784950878,3363,0.040151166620810815,0.19185171225571304,0.0607305540599096,0.0015827668183100007,5564,0.0029703980014858917,0.42771583348137504,0.11433373651018637,0.0001833321060302475,5564,0.0004330430780369639,0.5296816152992188,0.08552583185500795,5.894157280813101e-10,5564,1.9226179701699877e-09,True
rais_div_84,703,2661,0.28695652173913044,0.5294117647058824,-0.8063028112228096,-0.8584187387282013,-0.469167678329252,7.985416674734365e-82,5.209533735421943e-81,vira_vs_LL,-0.04924065547091969,0.9885781010538603,-0.19881825901708972,6.590495911001328e-06,-0.0031828592535478118,0.008197952859882923,0.6978306687824085,3364,0.846905826954984,0.6782895064620531,0.07816706168465672,4.047985438084811e-18,5570,5.545740050176192e-17,1.0932071358294853,0.14604488910814192,7.13194266000634e-14,5570,5.428200802338158e-13,1.1807509941943946,0.10015722149436139,4.4492217737828433e-32,5570,1.2190867660164991e-30,False
rais_sec_O,703,2661,0.28695652173913044,0.5294117647058824,-0.8063028112228096,-0.8584187387282013,-0.469167678329252,7.985416674734365e-82,5.209533735421943e-81,vira_vs_LL,-0.04924065547091969,0.9885781010538603,-0.19881825901708972,6.590495911001328e-06,-0.0031828592535478118,0.008197952859882923,0.6978306687824085,3364,0.846905826954984,0.6782895064620531,0.07816706168465672,4.047985438084811e-18,5570,5.545740050176192e-17,1.0932071358294853,0.14604488910814192,7.13194266000634e-14,5570,5.428200802338158e-13,1.1807509941943946,0.10015722149436139,4.4492217737828433e-32,5570,1.2190867660164991e-30,False
rais_sec_K,703,2661,0.009259259259259259,0.0035327886950761757,0.8023542899072241,0.6336806121765547,0.4160576645000784,9.013254104315257e-67,3.983276813842549e-66,vira_vs_LL,0.27994005832618396,0.002306001548300033,0.30912600233983123,2.68587321594508e-13,0.018201768775378897,0.009789207742584516,0.06297457254701015,3364,0.16886248791952646,-0.3839904007435949,0.06364181072093462,1.603284108990068e-09,5570,6.656058270655737e-09,-0.8980069131870921,0.12292399231058744,2.7647690611478094e-13,5570,1.9935440072486838e-12,-0.8509850679254334,0.09699805017597257,1.7363097775914275e-18,5570,1.3215246640556974e-17,False
infec_100k,703,2661,128.44688584624635,95.51656920077973,0.7856794109061923,0.8270714058352414,0.4111712139363002,2.814819523697515e-63,1.071195207629332e-62,vira_vs_LL,0.04760345929178441,0.9885781010538603,0.3384570902991794,7.717666514405248e-15,-0.006204408300299861,0.007833534255096603,0.42834212962868023,3364,0.6309986210659053,0.20177908806101305,0.062001009594120526,0.001136127871661537,5570,0.0021617988669115355,0.3463915834786969,0.11522029583490896,0.0026441166042826835,5570,0.004962246229955173,-0.012043160503132859,0.07940438495491878,0.8794482387222544,5570,0.8859147698893298,False
rais_div_01,703,2661,0.10039113428943937,0.024163568773234202,0.7634539160478397,0.6433190057206168,0.4244749110351673,1.7886556659282683e-67,8.168194207739092e-67,vira_vs_LL,0.6274180550332811,1.6904478306289986e-11,0.5531518925905111,2.8914912816418437e-40,-0.019476630368823043,0.007447562921360862,0.008918350194366985,3364,0.04157097693618664,-0.5601473713015819,0.07375119889380001,3.075664093299606e-14,5570,2.4786234163649765e-13,-1.1274261682993445,0.1375995621824648,2.5367377106628983e-16,5570,2.673331279698593e-15,-0.6906598424277959,0.08953070748848244,1.217214922870854e-14,5570,6.176238682715073e-14,False
rais_sec_A,703,2661,0.11950394588500564,0.029940119760479042,0.7563017617240857,0.6461329827838872,0.42139154522706423,1.7285061469786046e-66,7.400166941752151e-66,vira_vs_LL,0.6253885367675918,3.0530247613477083e-11,0.5661187252286644,2.847045158106402e-42,-0.020085631062348855,0.007473982474684052,0.0072009202219502615,3364,0.03653800260767355,-0.568774207762812,0.07365751895656888,1.1463012902363231e-14,5570,1.0469551784158417e-13,-1.1453574283502412,0.13827996483051627,1.2022372136886603e-16,5570,1.3725541522945538e-15,-0.7150099484336225,0.08847577964684392,6.401683898236439e-16,5570,3.654294558576634e-15,False
rais_hhi_divisao,703,2661,0.21330274121482912,0.36101837886225585,-0.7561796554167024,-0.7737721295046768,-0.43394043779731784,2.8673941830649985e-70,1.5713320123196193e-69,vira_vs_LL,0.18509793893200224,0.020457254517518616,-0.14462492752654327,0.0008379278557807277,0.022924692466100637,0.009430020254750418,0.015055834237753729,3364,0.05499843608760117,0.6107054392646982,0.08084742419591101,4.227324923281024e-14,5570,3.217463969386113e-13,0.9890649598013782,0.1520405054030486,7.755252865037359e-11,5570,4.0864217019619933e-10,1.1617116212338197,0.10695816046130972,1.7609703973447786e-27,5570,3.0156618054529337e-26,False
gap_sexo,703,2661,0.10124881843334033,-0.06283996253201773,0.75528904879682,0.7223970008435593,0.4520728525356781,4.184569941989454e-76,2.4925481828371966e-75,vira_vs_LL,0.3452756618123026,7.74274720432213e-05,0.2714131937207496,9.123517663490868e-12,0.018854596407160324,0.00604639290199634,0.001818843377932685,3364,0.010833980120729473,-0.3094711127778382,0.05249470804936727,3.7404180135801525e-09,5570,1.4641064796013738e-08,-0.558136346852189,0.09898075484553584,1.712024555058808e-08,5570,7.329605126345522e-08,-0.6828616368878758,0.06944113008510254,8.062032337136035e-23,5570,9.204153584896972e-22,True
rais_share_estatutario,703,2661,0.23577235772357724,0.4140127388535032,-0.746414567386711,-0.7469081637579565,-0.41468276559951633,2.486176034466104e-64,9.822979902145098e-64,vira_vs_LL,0.022120465450732693,0.5413968898349271,-0.16878294275662686,0.00044044505402193105,-0.0006854542684148314,0.008430614077857662,0.9351990967459092,3364,0.9490538981791818,0.5066308656951911,0.06735787203382694,5.415974663187359e-14,5570,3.9052027834561483e-13,0.809689488159199,0.1243804759845232,7.526113531209166e-11,5570,4.0864217019619933e-10,0.6003271187560131,0.0864029219572067,3.705126431652168e-12,5570,1.3357955819377555e-11,False
rais_div_49,703,2661,0.013419216317767043,0.00211864406779661,0.7425003003250548,0.5317455469485739,0.4064985890180217,2.5095204129567772e-64,9.822979902145098e-64,vira_vs_LL,0.07516599877040288,0.41816197930776433,0.23534890110991805,6.357118644350553e-08,0.01368626194547514,0.007124076970363969,0.0547156041968491,3364,0.15616745364517345,-0.3485426759479819,0.05148779933731131,1.2929730066936872e-11,5570,7.062267351659466e-11,-0.5781720261200337,0.09801660111727091,3.6634268312655e-09,5570,1.792462413869191e-08,-0.6637627029299236,0.0808799127421756,2.272214768766709e-16,5570,1.4149701060047234e-15,False
rais_hhi_cbo_fem,703,2661,0.0545550909154445,0.0865529402196816,-0.7309145568646856,-0.4858931349318376,-0.4326628295654582,7.239797417366003e-70,3.81481633145824e-69,vira_vs_LL,0.26051596952796474,0.019364899578246896,-0.14146661654306425,8.415814492694192e-05,0.01804805531973774,0.0073759728173665535,0.014410233246651872,3364,0.05499843608760117,0.2550727243694412,0.057428785292820854,8.931388840498184e-06,5570,2.5491672315588564e-05,0.4382030119833628,0.10861641744960346,5.4739984931325686e-05,5570,0.00014149769689795506,0.4334788013882044,0.08329458421002711,1.9487028546121232e-07,5570,5.680261512380019e-07,False
c22_share_0a14,703,2661,0.18776187840936043,0.21128134270735968,-0.7216690473997537,-0.6379519310990768,-0.40197671117982037,1.4683324500015734e-60,5.436798531086907e-60,vira_vs_LL,-0.34276813148881935,0.00474922797615245,-0.3268903439527652,3.365888450518205e-16,-0.002555726586955148,0.01013197275528137,0.8008526799431579,3364,0.8920066435139238,-0.18831162302396692,0.08603271854152511,0.02860866788770307,5570,0.0445384943251741,-0.2823121687311182,0.16041609291671252,0.07842911166593154,5570,0.10964069692074103,0.25683343219184523,0.0993873188576612,0.009761450906072087,5570,0.014077039727703956,False
share_agro,703,2661,0.3219614935272291,0.13932388808548102,0.7156006999782151,0.8718726411298238,0.42112479773430356,2.747596947158446e-66,1.1406690356385064e-65,vira_vs_LL,0.868808366472662,1.9997202632724215e-20,0.5501713718174758,2.603661301490869e-45,0.014559172823308502,0.009616584708371203,0.13003471258541247,3364,0.2658918749880822,-0.7741826893485442,0.07681530581326552,6.877125986819893e-24,5570,2.3554156504858136e-22,-1.6297024720603686,0.14420536588287886,1.2934722815696622e-29,5570,5.906856752501457e-28,-0.9884545160256326,0.09798837751312325,6.2768353070895295e-24,5570,7.817513064284232e-23,False
ibc,703,2661,55.48,44.57,0.708302605119976,0.7196409023866479,0.3962558060344805,6.711112351877171e-59,2.4195326110715064e-58,vira_vs_LL,-0.04266584175882862,0.5381835739249555,0.14605365239383233,0.00022152954340879397,0.0021917407539846154,0.009432526191985079,0.8162584990822733,3364,0.8946193149941716,0.1804782958997428,0.08510017278799814,0.03394076429704877,5570,0.05109763416149101,0.46194717184645784,0.15862341020460574,0.00358863231734974,5570,0.0065552350330255246,0.10893145181428142,0.10256962210985397,0.28822456216586456,5570,0.3184416533606729,False
ideb,633,2548,6.1,5.3,0.6994754397268826,0.6925431912039104,0.44540028917144703,1.2224543139473844e-67,5.775042793475575e-67,vira_vs_LL,0.5713405174765481,4.3980225915009455e-09,0.2681361900908383,2.6684955917396494e-11,0.026594456984420894,0.007293110352955243,0.00026581803490722075,3181,0.003017486226138091,-0.2628081418100381,0.0636286177249874,3.622192756294224e-05,5241,8.861435850219797e-05,-0.4743863822628094,0.11624207469363627,4.4838246258187744e-05,5241,0.00012044783798768081,-0.4022553846847499,0.09053281248853637,8.863074247113343e-06,5241,1.990559298122177e-05,True
va_agro_ha,703,2657,156.4853187524505,53.11250961985427,0.694316880287374,-0.013605084988885434,0.42846374294584577,1.5647899085006712e-68,7.656293480878284e-68,vira_vs_LL,0.39023627388188836,4.501363946635526e-07,0.2605801103701486,5.830439050918825e-13,-0.005676440691879229,0.007995016420325317,0.4777057624182991,3360,0.6700581474434515,-0.21086009069800352,0.08346515157130709,0.011526283014188763,5563,0.018798818725522148,-0.3749639864017059,0.1564318837602761,0.01653085780502505,5563,0.027285873726366646,-0.28474489149944826,0.09796918359964074,0.003655271963171368,5563,0.005384647945747069,False
c22_share_preta,703,2661,0.06980569548678935,0.09337099185911281,-0.6771842842537638,-0.5631970941561479,-0.3334461263613343,3.1574328889998055e-42,9.403658821586378e-42,vira_vs_LL,-0.6973814601412782,2.4626684900008004e-14,-0.18351964975061152,0.0009355930906005047,-0.04791402868202605,0.009784762428062078,9.740968565426618e-07,3364,4.448375644878155e-05,0.37697608740872857,0.09032669297600476,2.9999016097141264e-05,5570,7.707818239059374e-05,0.7992129841809548,0.16917330991079907,2.309931878768914e-06,5570,7.911516684783531e-06,0.3946797091127673,0.10767340810143912,0.0002468304430689433,5570,0.00042804773038538274,True
rais_sec_H,703,2661,0.019072349570200573,0.006430868167202572,0.6766841741080241,0.5340271101553647,0.3860531153594704,5.315618432242102e-56,1.8672813467106873e-55,vira_vs_LL,0.007248463949371534,0.8766191780427719,0.21892196019810567,3.1051823214372756e-07,0.012682892014843239,0.006134010158938302,0.038674390222004945,3364,0.12321840605615529,-0.2157678190684354,0.04564034333697338,2.2722516504908784e-06,5570,6.767358176461965e-06,-0.3379455390533933,0.08760220762633818,0.00011444563877748698,5570,0.0002799830805806378,-0.531042938766494,0.07339660339131882,4.646647101801183e-13,5570,1.9893457904586318e-12,False
c22_share_60mais,703,2661,0.1907356948228883,0.16010135913384013,0.6731629716044377,0.6932919705977566,0.35855139539943437,1.501554588843119e-48,4.784022759802495e-48,vira_vs_LL,0.46793383064071875,1.1921471887355305e-05,0.3745247062381887,3.520821453921036e-20,-0.013028949853760022,0.010744578024730254,0.22528013520545453,3364,0.38579223153934095,0.5705187730726166,0.08048874099192725,1.3588607354180552e-12,5570,8.261008491768609e-12,0.8889882264584866,0.1546618115905244,9.033240166099233e-09,5570,4.125179675851983e-08,-0.13295174602980875,0.10131998862637139,0.1894538039562097,5570,0.22183906958974983,False
rais_div_46,703,2661,0.015164279696714406,0.0026041666666666665,0.6600748585282111,0.513397185103625,0.36224469886132504,1.9543260924507437e-51,6.53030913818907e-51,vira_vs_LL,0.15113169126228232,0.10602310247166097,0.18871365460734787,5.164204524908668e-06,0.014816938591657683,0.007866321660375462,0.05962021849163637,3364,0.16335939866708366,-0.47164229659981605,0.054034829226929634,2.5810244162656778e-18,5570,4.420004312854973e-17,-0.942641783185642,0.10397424681241492,1.233438312969757e-19,5570,2.816350814614278e-18,-0.7496839850702123,0.08065591340280377,1.4742476315755237e-20,5570,1.4426566108989054e-19,False
share_nome_top,703,2661,0.1258671952428146,0.1758881770529994,-0.6294773414777377,-0.5729736502905179,-0.33804337773957427,2.374027828703133e-43,7.22759583405176e-43,vira_vs_LL,0.03781960888203974,0.6881465450578519,-0.062012784759399045,0.09224599590101148,-0.045874842062514555,0.014699150217400524,0.0018028824684245817,3364,0.010833980120729473,0.573183753069003,0.10476648611257802,4.473512819812019e-08,5565,1.5714647597801195e-07,0.8781045518021826,0.20394035973148217,1.6646388530203117e-05,5565,4.654194344158831e-05,1.2382141538371287,0.1359604818040976,8.456494879277272e-20,5565,7.723598656406575e-19,True
densidade_smp,703,2661,55.04,44.56,0.6147780212212773,0.594864888120901,0.3724746523061364,2.9788726817797248e-52,1.0202638935095558e-51,vira_vs_LL,-0.05875773641370399,0.7579564383178634,0.18423818954673069,2.8038074177115083e-07,-0.0031001461941599457,0.0065334209138862,0.6351392545892907,3364,0.8208875271578567,-0.025125828162947075,0.049804992846009345,0.6139212160981697,5570,0.6622614693342461,-0.0001463574436817161,0.09541170896985034,0.9987760799996478,5570,0.9987760799996478,-0.09336002248305336,0.07013892845516824,0.18316504570786463,5570,0.21820531532154308,False
rais_sec_C,703,2661,0.08104196816208394,0.024930747922437674,0.6071737060876817,0.5042189853056833,0.34541501686817067,2.44838801831408e-45,7.623389966114294e-45,vira_vs_LL,0.039649447708903,0.9119131785913458,0.10115815689973515,0.02159968122635178,0.001799410935533373,0.006901984301019644,0.794316756258137,3364,0.8919786525193834,-0.33494021772578697,0.05879882385679581,1.223807187255832e-08,5570,4.4121469645802366e-08,-0.4841779104903865,0.11234053749816696,1.6331899768428638e-05,5570,4.654194344158831e-05,-0.3625841528998903,0.08511393130867409,2.0443973963539052e-05,5570,4.243673383340682e-05,False
caged_pc_2017_2021,703,2658,9.238086527028262,2.6494824511502246,0.6014361269831724,0.4151631386756282,0.3679517107698169,5.054242179844237e-51,1.648645663425382e-50,vira_vs_LL,0.21389890750687,0.0021042399323175772,0.18348429212827777,2.0718122877377597e-07,0.01998039011604345,0.006958018879599077,0.004084472565992688,3361,0.023315530897541594,-0.42495266452526886,0.046319696874692666,4.543475982997109e-20,5567,1.0374270161176733e-18,-0.7484106321424017,0.08615056677198511,3.71351727589237e-18,5567,5.652798519969497e-17,-0.5939676250777872,0.05856243308614826,3.579387853174606e-24,5567,4.9037613588492104e-23,True
sinasc_share_mae_adolescente,703,2661,0.125,0.16393442622950818,-0.5950641937466566,-0.5618934028009207,-0.32710673053638695,1.0562854540073424e-40,3.0789597276384235e-40,vira_vs_LL,-0.23086574196387558,0.02574313998968007,-0.16964301765655035,4.829542343921321e-05,-0.009019447848768932,0.007073530424745032,0.2022743895353425,3364,0.35077963754863195,-0.0918901207244352,0.05896941214639373,0.11916984060143354,5570,0.16006145257251367,-0.23338118457936607,0.11018765575114378,0.03417220113658974,5570,0.05293531940711642,0.1408933349030274,0.08235324054429956,0.0871103912260581,5570,0.11050114442564776,False
relig_100k,703,2661,32.21995489206315,16.394786457906388,0.5772930021553834,0.5535617823231167,0.3139473657482321,2.6542086509732537e-38,7.42095071802726e-38,vira_vs_LL,-0.10836362712153302,0.32780803213552023,0.1926957877388789,2.4590482735751898e-06,-0.013717196373349522,0.007408586126521843,0.06409379103514873,3364,0.16886248791952646,0.141732344551765,0.04904964863652003,0.00385770325618361,5570,0.007046737947962061,0.23546818434600508,0.0926034413098819,0.010998122564532023,5570,0.019317215273601116,-0.05773789828502049,0.07688468547060058,0.4526722289808637,5570,0.4921912330982407,False
rais_div_25,703,2661,0.0011086474501108647,0.0,0.5643650325963339,0.2589825969837926,0.281084502291409,4.540553708452908e-39,1.2959497042876009e-38,vira_vs_LL,-0.11962619129538046,0.25780882509246744,0.018792861529305434,0.2800319154089706,0.015005569653616413,0.01021569100679626,0.14186678889166476,3364,0.2735439627610363,-0.16578476795260522,0.06459817315195372,0.010276017553438514,5570,0.01696161933519369,-0.16988608395544788,0.12575868810976293,0.17673085092946372,5570,0.22212960162694065,-0.4438651430411542,0.09592375258018279,3.7051659105283088e-06,5570,8.905398767410145e-06,False
comercio_por_dom,703,2661,0.12966150315547906,0.14756003098373355,-0.5509078529377681,-0.5170199937147774,-0.31587660763475156,4.509283077178993e-38,1.235543563147044e-37,vira_vs_LL,-0.027444614988141238,0.8983075420389453,-0.37796223746360974,4.3945968467183094e-20,0.03055633115315457,0.006375622904169789,1.6456661923676953e-06,3364,5.636406708859356e-05,-0.10643224853701583,0.05150752598915473,0.038796043914579185,5570,0.05777236974236249,-0.20462484308872522,0.09677646474924508,0.03448051273292477,5570,0.05293531940711642,0.11529440755249855,0.07422905025386638,0.12036941977446168,5570,0.1485640586405518,False
dom_por_cep,703,2661,1553.75,2452.5,-0.5379090965529872,-0.342032521024011,-0.30218160960462037,5.476199925499157e-35,1.4427680572949703e-34,vira_vs_LL,-0.10292030428738777,0.5518021993204815,-0.23549405750877778,7.130205833716621e-11,0.012379952228637494,0.00725893396541766,0.08810531073259832,3364,0.21021636116302617,-0.047746833457734054,0.04128410356603091,0.24745919633930136,5570,0.3081991808953117,-0.07155098993865744,0.0770026397439428,0.3527845249846412,5570,0.42027373845996385,0.07591798103414432,0.052176574422006246,0.14566360948078697,5570,0.17817780802560548,False
pncp_valor_mediano,573,2164,18547.24,40000.0,-0.5368577963970786,-0.1689551080833484,-0.32411941559970714,6.719324265477595e-33,1.7047174525378342e-32,vira_vs_LL,-0.16807984229473225,0.02574313998968007,-0.20916686297838077,1.2662704221825472e-06,0.008751361491564007,0.006133545568750907,0.1536366733753403,2737,0.28267783790325235,-0.06667118726830987,0.051248364937219605,0.1932780619864215,4687,0.2452360353895919,-0.1424527386159837,0.09455512212619452,0.1319240903675231,4687,0.17378461904183332,0.2681520805628333,0.07084418114182955,0.000153648784182125,4687,0.0002806651124393483,False
homic_juv_100k,703,2661,0.0,5.126263821195918,-0.4959041711490214,-0.42929512808358766,-0.27681493871489715,6.927160192356235e-31,1.694680261344293e-30,vira_vs_LL,-0.48592797774047,9.20299207417174e-08,-0.2754192766515633,2.6684955917396494e-11,-0.03203707640116387,0.007157847392949238,7.612656665460409e-06,3364,0.000148990566166868,-0.06838271049949782,0.061814148710710684,0.2686126672085052,5570,0.3285708518532608,-0.0809832308802387,0.11313397631957796,0.47410431380405915,5570,0.5412690915929675,0.19067022202558193,0.0855214238045284,0.02578049393417127,5570,0.03567603706041883,True
rem_media,703,2661,2543.00641509434,2288.7138751625507,0.4783454700097534,0.4224536079046311,0.28410211671352115,4.014312726348391e-31,9.999288063813265e-31,vira_vs_LL,0.15333077368628292,0.02002427823248675,0.08645192721079341,0.02894596775057419,0.02757427425981726,0.006984177674736596,7.87719046816843e-05,3364,0.000981068267399159,-0.14545207563690704,0.054964930633196456,0.008138470318944832,5570,0.013597200410920024,-0.25898680240582284,0.10285788787409036,0.01180538147519113,5570,0.020216715776264813,-0.3473715106242585,0.0745546568733093,3.1730722128921054e-06,5570,7.903834421203972e-06,True
rais_div_14,703,2661,0.0,0.0,0.4756238075047079,0.291280887355448,0.2138758945262238,4.6243931706559e-27,1.0559031072997639e-26,vira_vs_LL,0.008953142129703724,0.7474352756543327,0.09811136833344355,0.1036497855133074,0.01256789634980418,0.008245211376487213,0.1274422469857424,3364,0.2645392096522229,-0.038393155990709305,0.06512296146964376,0.5554932664360854,5570,0.6187201422905992,0.03626100636295054,0.12668266919515414,0.7746981835919302,5570,0.8423305646991622,-0.1756298775350977,0.09142546169875496,0.05472954863030642,5570,0.07140903011763791,False
rais_div_28,703,2661,0.0,0.0,0.4637315337998523,0.3294302754108236,0.13556492468258918,1.6101857076697784e-22,3.3423551810721154e-22,vira_vs_LL,-0.11919556469461605,0.05430610658990746,-0.07426490282998198,0.10483932227519324,0.016076080903580425,0.01649333094661724,0.3297081534444529,3364,0.5182646023047491,-0.07126754405303118,0.06758189822045989,0.2916375914610918,5570,0.35047675465061034,0.032677210576261134,0.12977516721877957,0.8011967087915348,5570,0.8508833263910098,-0.3049470932226014,0.10126615960947585,0.0026009526965486,5570,0.0038731578198604156,False
homic_100k,703,2661,12.860082304526749,20.33140185015757,-0.4635433055565199,-0.43252125891620435,-0.2648829331319096,2.6349692531049796e-27,6.118487926701394e-27,vira_vs_LL,-0.341701064617745,0.0004398191224747838,-0.20078872358159205,7.49760477638254e-06,-0.024019724743019697,0.006757334291926581,0.0003785323115858171,3364,0.003140001834845256,-0.09970297652833571,0.06529352477145538,0.12676190938344967,5570,0.1669844383224289,-0.17115944595741145,0.12067610949274928,0.15609226659072556,5570,0.19800593076786482,0.10111668930569234,0.08166392137892937,0.2156399966229463,5570,0.24825781123818186,True
cob_esf,703,2661,100.0,100.0,-0.46005434090044456,-0.4408033374124642,-0.17742236391735,4.859196144957409e-24,1.0401716747799454e-23,vira_vs_LL,0.12775014332097523,0.11677203516357225,-0.047258255001120304,0.25721999903643533,-0.02421660464441763,0.011084912085399322,0.02891484020261751,3364,0.09903332769396499,0.0083936405050892,0.07046801514699844,0.9051860134990335,5570,0.9118417930100557,-0.02413098374161049,0.13656038366790513,0.8597396464844913,5570,0.8991170348730939,0.13268285133448487,0.09660014716301896,0.16958876317295302,5570,0.20380403995346108,False
rais_div_10,703,2661,0.012096774193548387,0.003896103896103896,0.45759599753348723,0.3053131521145579,0.2515706830072224,1.794031266273886e-25,4.029217761959383e-25,vira_vs_LL,-0.1003540999273712,0.17122931882117098,0.06914664007351938,0.16051469014209896,-0.0010108843041575937,0.006689028690036467,0.8798765406668877,3364,0.9214148496055696,-0.19809485187185158,0.048905878878463094,5.110121113145987e-05,5570,0.0001228222092107018,-0.3017907584985581,0.0938639085055568,0.0013035599042331948,5570,0.0026654881623872787,-0.22883123792744947,0.06907342460378184,0.0009234407436565694,5570,0.0014710625800110465,False
rais_div_43,703,2661,0.004345127250155183,0.0005865102639296188,0.4566747847098571,0.11042938230224827,0.2842293429725935,1.1892621791607107e-33,3.074130538585233e-33,vira_vs_LL,-0.12005709952428892,0.3649711311734292,0.09929677345571067,0.005267915780598714,0.002047689149836262,0.006064688347159752,0.7356335285229423,3364,0.846905826954984,-0.2361283937576047,0.049538636599554486,1.8740713548250762e-06,5570,5.705506124689677e-06,-0.3365172542536108,0.09153104302117193,0.0002364216999065761,5570,0.0005369664199231964,-0.4995737475409372,0.06879859898422983,3.831206154037127e-13,5570,1.7495841436769547e-12,False
rais_div_45,703,2661,0.0073937153419593345,0.003048780487804878,0.43551669457911707,0.2712063208856496,0.2620347755338559,2.3283245266034892e-27,5.499663105942725e-27,vira_vs_LL,-0.13897349777263773,0.13705824297318392,0.01377235504250473,0.426067945061282,0.013123992667256673,0.008977167599273637,0.1437603307941213,3364,0.2735439627610363,-0.5784695561206713,0.059130723305730305,1.3334318216244183e-22,5570,3.6536031912509064e-21,-1.1134534193880106,0.11327267170237461,8.374306534591525e-23,5570,2.8681999880975974e-21,-0.8968198443773328,0.07981320311698614,2.6991735303760837e-29,5570,5.282668195164621e-28,False
rais_div_56,703,2661,0.008992805755395683,0.002544529262086514,0.4338436226710856,0.2125917256994073,0.2723187199541557,8.509596440031096e-30,2.0452889689197547e-29,vira_vs_LL,-0.2731363861409124,0.0022196993631952177,0.08343706538263891,0.025021199873033587,-0.011111808766590393,0.007099558227634737,0.11754988153223091,3364,0.24775898107562516,-0.2132306411481389,0.05510913664417218,0.00010917379210785586,5570,0.0002412388632060686,-0.3861260258034418,0.10510621521152845,0.00023908723806799256,5570,0.0005369664199231964,-0.384813243903169,0.07808296991005849,8.296480285065265e-07,5570,2.185803459719118e-06,False
share_veg_natural,703,2661,0.21600414163638157,0.3740752372527313,-0.4327524181918697,-0.5706420287422794,-0.30276481905272035,4.0727105471991885e-35,1.0940418528750763e-34,vira_vs_LL,-0.2541498374396664,0.04509351641108381,-0.19872558621838346,6.623358686946761e-08,0.004651761850390453,0.006575764053814316,0.47931166751429377,3364,0.6700581474434515,0.03502128018952084,0.07772805878352522,0.6523055324901292,5570,0.6927585887685869,0.07027913321115148,0.1484667845021952,0.6359520570049988,5570,0.7083368439811775,0.02968810264334386,0.08036380246797142,0.7118137029826005,5570,0.7332216338993705,False
reclam_100k,701,2656,1414.5496535796767,961.9936356324974,0.4246763801782449,0.34912209236757497,0.25054730333602593,1.6405651186167541e-24,3.5675781150872276e-24,vira_vs_LL,-0.19967314047425133,0.03970726329488247,0.0883412515858802,0.0374918585052606,-0.013252182433256189,0.007221025103804001,0.06647283757084205,3357,0.17182601409821432,0.26025694928315246,0.06758585086372994,0.00011775143400985901,5563,0.00025606264221191563,0.5502100681537848,0.12719199859735666,1.5196343831123065e-05,5563,4.429572563540127e-05,-0.11809564381215765,0.08959953563566221,0.18749073673700445,5563,0.2214330252842208,False
rais_div_52,703,2661,0.0,0.0,0.4172028692409537,0.2108086698758361,0.18423912549587507,2.318887403589925e-22,4.74160558644507e-22,vira_vs_LL,-0.1875043971692504,0.030614982483529143,0.05986491958986128,0.18727733863004808,0.015961212945852097,0.010887016572605372,0.14262710191838807,3364,0.2735439627610363,-0.1973625243941749,0.057579436508416335,0.0006088154840586648,5570,0.0012088075553048849,-0.29641156256105466,0.11004734244826739,0.007070798482697375,5570,0.012580511586097926,-0.5256752545809816,0.08879980554863223,3.2237384548064614e-09,5570,1.0270980658336865e-08,False
rais_div_33,703,2661,0.0,0.0,0.41354488650404264,0.15232619263159167,0.18507411464155066,7.431986568221678e-22,1.4545459426376713e-21,vira_vs_LL,-0.13445482439258533,0.055080042904729044,-0.009673164866587773,0.6554443815921881,0.02335809897356393,0.009097982379670041,0.010246631994664697,3364,0.043868393227158235,-0.33933805589466276,0.05952715091338541,1.1941495758043588e-08,5570,4.4121469645802366e-08,-0.5181012594012356,0.11242877026603891,4.060482922903835e-06,5570,1.3244908581852986e-05,-0.5376417684475999,0.07841874233562743,7.079724047237483e-12,5570,2.4869799858244493e-11,True
rais_div_69,703,2661,0.006493506493506494,0.004224690971678924,0.4041785809285681,0.3098532313511725,0.23538942728404555,6.43144754895105e-22,1.2957475208916086e-21,vira_vs_LL,0.026960064345508468,0.5862933648079635,0.08602724146257255,0.03506360184705838,0.01124789125152104,0.00641103794539187,0.07935220903092803,3364,0.19765913885885708,-0.17011849409124136,0.04332884091797502,8.629179634909756e-05,5570,0.00019380288688239944,-0.3673401815900189,0.08208009911364428,7.627314785276788e-06,5570,2.3220936124064887e-05,-0.5358214546139601,0.06380649045358058,4.556921458163309e-17,5570,2.9728487608017775e-16,False
rais_div_94,703,2661,0.006534168254832562,0.003745318352059925,0.39326714851939043,0.09750361680691617,0.23499064245518886,6.742870409956425e-22,1.3388018060348262e-21,vira_vs_LL,-0.03646441075891312,0.7134145709658802,0.12062989565600643,0.003435591838465793,-0.012615617071149875,0.006488054468611323,0.051842703165281376,3364,0.1519674329063426,0.03720725818935958,0.04408077828236685,0.3986303455476822,5570,0.46281658762739375,0.007545969616849904,0.08246106627395569,0.9270877707911991,5570,0.947843467152196,-0.2219706804349945,0.0707051338105388,0.0016930249308621543,5570,0.0025771601725346127,False
caged_pc_2022_2024,703,2661,9.90868467068195,3.6719706242350063,0.3865583298910278,0.2665445564858084,0.2398289822487294,1.192346694969676e-22,2.5130999570899327e-22,vira_vs_LL,-0.039364480209803814,0.7579564383178634,0.02145546143222048,0.23160042083955862,0.00664210138577282,0.006913525435314743,0.33668284383301217,3364,0.5182646023047491,-0.25311324803118923,0.04166827277221898,1.2438718964811682e-09,5570,5.325326556810001e-09,-0.43042637702421427,0.07950804061036656,6.176291631137798e-08,5570,2.510156376184751e-07,-0.27276386293217003,0.05473254346052592,6.241935019484355e-07,5570,1.6767550934693268e-06,False
rais_sec_I,703,2661,0.011219792865362486,0.004168837936425221,0.38143314401646744,0.11521584021047124,0.24714181932481338,1.6404176429162318e-24,3.5675781150872276e-24,vira_vs_LL,-0.3104285858059295,0.0005679065912580292,0.07250428770114481,0.06803032669191014,-0.013704881769781734,0.007028527078626571,0.05118877155223311,3364,0.1519674329063426,-0.21558045329300754,0.05407486225469652,6.699760950113809e-05,5570,0.00015445008821237394,-0.38886725649231924,0.10320361726691668,0.00016458607828361018,5570,0.0003955840828921859,-0.3663467737693869,0.0715976670988166,3.1085875035990926e-07,5570,8.517529759861514e-07,False
suic_100k,703,2661,9.229775254972543,6.472491909385114,0.3802533976729721,0.44441999967712464,0.1987632324664308,4.0533720518583246e-16,7.404159614727873e-16,vira_vs_LL,0.3929013906051951,2.751442463993634e-06,0.18533901883190518,4.324499858105773e-05,0.015234965524545323,0.006279179190971479,0.0152550406666339,3364,0.05499843608760117,-0.23393916719966915,0.04629233429377785,4.337443086213101e-07,5570,1.3819295414213832e-06,-0.42176705514983936,0.08503975455561655,7.062185411948784e-07,5570,2.614917301181036e-06,-0.5152233584622631,0.07020808775927763,2.159708876664408e-13,5570,1.0202762624242205e-12,False
pix_razao_rec_pag,703,2661,0.9787665126982189,0.9492347612798432,0.3788880589548479,0.3242709499143678,0.22317356815665712,7.938570190899998e-20,1.531808614300422e-19,vira_vs_LL,0.002854084040895663,0.5881020173984914,0.096126409276024,0.0027921402870341753,0.0059264538673630416,0.005960071442963366,0.3200478609889311,3364,0.5158418465351007,-0.21471826873573807,0.04132564591980859,2.0388169130975216e-07,5570,6.812632124252693e-07,-0.4081609925408282,0.07541661939055395,6.229585167173835e-08,5570,2.510156376184751e-07,-0.20172517059975303,0.053147652693960004,0.0001473098249196664,5570,0.00027272224343235536,False
rais_sec_G,703,2661,0.1504146411209608,0.11711711711711711,0.36309018725214726,0.33242610705207126,0.22083431559489242,1.9070398561440434e-19,3.628673059607416e-19,vira_vs_LL,-0.020831374123963065,0.5862933648079635,0.09665845985831494,0.043943996629785494,0.0006693262306871348,0.006703629256020916,0.920467101289328,3364,0.9490538981791818,-0.2838435559988421,0.052824713589968736,7.730430336080811e-08,5570,2.647672390107678e-07,-0.5866022349843769,0.1030778306914062,1.26395861764233e-08,5570,5.5858816328064256e-08,-0.5567093288891443,0.07683355163916646,4.303575496027851e-13,5570,1.9019027192123083e-12,False
cobertura_pop_4g5g,703,2661,84.3274,76.6147,0.3491909830477442,0.36462921713697344,0.21213909572065393,4.579315485771586e-18,8.594057829461745e-18,vira_vs_LL,-0.3016222924889837,0.004182812182494929,0.06516820040492508,0.13094410177111554,-0.01500850003724051,0.008947157074228777,0.0934525228542129,3364,0.21338326051711945,0.2947982517947636,0.07827217330864185,0.00016566973175609614,5570,0.0003546367695403933,0.691337392472708,0.1499738116719791,4.03210185049028e-06,5570,1.3244908581852986e-05,0.35944070385182403,0.0972255898220845,0.00021818268019188934,5570,0.00038819515826349143,False
rais_sec_S,703,2661,0.008976157082748949,0.005578800557880056,0.3458265290866512,0.09820367369335872,0.2078358546049759,1.9130409923852812e-17,3.5417110264430207e-17,vira_vs_LL,-0.15087243393828328,0.06267554857665157,0.08231936376616833,0.07152330588469005,-0.015095795922008756,0.006598046108829868,0.022142230965107833,3364,0.07778168313384035,0.019489873498332706,0.04415643323704099,0.6589361648254013,5570,0.6944173429313845,-0.000746902962233148,0.08216991660677049,0.9927475387558079,5570,0.9987760799996478,-0.2569491397877887,0.06998954242421182,0.000241366666840336,5570,0.0004239388891939235,False
taxa_aprovacao,645,2588,99.0,97.8,0.33773482780150893,0.32480111062179806,0.19340246576327225,2.1292820975482677e-14,3.7398929149245214e-14,vira_vs_LL,0.37562279906434526,5.104856117778026e-05,0.22264543617134253,3.265485319324412e-07,0.0188096034479078,0.00751142308851966,0.012275183401697067,3233,0.049461768412720535,-0.11553554925622946,0.06383210813009942,0.07029716335351824,5317,0.09928568432404122,-0.2123700222842808,0.11707724547135334,0.06968837920012476,5317,0.09842585515893909,-0.26577759339172874,0.0799664136676126,0.0008885869178482854,5317,0.001432193032296648,True
fibra,703,2661,100.0,50.0,0.3241448452303343,0.325693980996218,0.17322496649619423,3.293580437040146e-14,5.711652150310127e-14,vira_vs_LL,-0.0339236852521843,0.6236877824026419,0.01594481497634677,0.8166389544000436,0.011797465062923982,0.008290849857134117,0.15475064118791187,3364,0.28267783790325235,-0.20752667181662854,0.07524247772910089,0.00581374782406727,5570,0.010082069011357166,-0.3389699049495537,0.13859899122917155,0.014457600713061663,5570,0.02445297898382034,-0.34496718814280714,0.10102515891361326,0.0006386023709931793,5570,0.0010415300574531613,False
cob_ab,703,2661,100.0,100.0,-0.3232495928293497,-0.3164434522312113,-0.11329658739615422,1.494288761741625e-12,2.4965556141293e-12,vira_vs_LL,0.15252176510848808,0.07643247081749349,-0.04972179596486961,0.4000698637636525,-0.01917350655183326,0.010513531724072385,0.06819774464809047,3364,0.1730202040145999,0.016535342255213803,0.07000559072791702,0.8132772387165426,5570,0.8314849380907935,0.045030544768291714,0.1342647367333786,0.7373337489176066,5570,0.8081177888136969,0.15729236394997567,0.0967853006448685,0.10412678782985081,5570,0.12968518120626873,False
rais_div_81,703,2661,0.0,0.0,0.318112984334779,0.1304093717690539,0.1497848646724218,1.504384768041843e-15,2.7118514897596382e-15,vira_vs_LL,-0.2891365624008518,0.0014719967245836326,-0.016953386021676287,0.6071844296106707,0.0016416972905771222,0.009230086121294369,0.858830017586503,3364,0.9214148496055696,0.05659006054941003,0.060426411703101035,0.34900962961847015,5570,0.4121924073942277,0.21382913957152144,0.1130297682910923,0.05851831264620208,5570,0.08351050867218422,-0.06096028602045165,0.084588834910973,0.47111511807111284,5570,0.5043207983654466,False
rais_sec_D,703,2661,0.0,0.0,0.30732078927985146,0.15680552315846943,0.12556109185789355,1.0609090807007913e-12,1.7943770871112148e-12,vira_vs_LL,-0.11899964490537794,0.0781390909346412,0.10669362678990393,0.09224599590101148,0.004636998944580258,0.009574856614684909,0.6281806918471934,3364,0.8201525663698533,-0.1560892935519106,0.05480505420996094,0.004398357716572393,5570,0.007869837117554403,-0.34153435398550475,0.10508824392471638,0.0011541442640655576,5570,0.002395723699651233,-0.3660991732606845,0.08219799835854237,8.433629878502997e-06,5570,1.9256788222581843e-05,False
rais_div_20,703,2661,0.0,0.0,0.2944543989065385,0.16163823502716038,0.10482855727025897,1.8221518086620877e-11,2.971842830794119e-11,vira_vs_LL,-0.18777535817544413,0.012008465375074731,-0.054695250639965456,0.12789224390904286,0.022518583791186736,0.010494565395518933,0.031893917833579796,3364,0.10657235959025443,0.023454428612192747,0.057097636501515676,0.6812356386317614,5570,0.7124372709355061,0.14413674771346982,0.10999846029099396,0.1900766445500408,5570,0.23459910183203234,0.026838022249187188,0.08100163514427278,0.7403975597048768,5570,0.7513664124412452,False
templos_1000dom,703,2661,7.727975270479135,8.60615739508473,-0.2872239390555663,-0.20120291372086882,-0.1563193763988875,1.727424697421723e-10,2.720197512031909e-10,vira_vs_LL,-0.19612109489296692,0.055080042904729044,-0.0317209470199432,0.34335786779305966,-0.021084502189379285,0.008647832761956771,0.014763644529968032,3364,0.05499843608760117,0.28858224701367413,0.06919458287188661,3.038118138023403e-05,5570,7.707818239059374e-05,0.47824616787001595,0.13234681337324256,0.0003019948596287758,5570,0.0006673112220829401,0.45058568710941227,0.08735635793414172,2.495773194431626e-07,5570,6.977978115043525e-07,False
rais_sec_M,703,2661,0.01030277544154752,0.006968641114982578,0.2855065502102196,0.14746489074958374,0.1793099098029971,2.3743591422605216e-13,4.0660900311211433e-13,vira_vs_LL,-0.19188391696160906,0.03015818411167308,0.010164831893424474,0.9421141008226377,0.006583684052510277,0.006279327072489049,0.29442226407397576,3364,0.4859740985317431,-0.19701474033762728,0.046267982595953966,2.061509275843464e-05,5570,5.7382237998702317e-05,-0.3955652309920139,0.08688518586468592,5.295294545752471e-06,5570,1.6871054715536943e-05,-0.4847260681624995,0.06484298281932148,7.697989275202149e-14,5570,3.7665161810810516e-13,False
c22_razao_homens,703,2661,0.5026822558459423,0.49883109292811223,0.282565998727044,0.307852366128026,0.1593049169741747,7.73178714927965e-11,1.246182164060367e-10,vira_vs_LL,0.5451384007576648,1.1551385976783901e-07,0.27592526647027577,1.3703495527208664e-11,0.01766321331861834,0.008397383026095584,0.03542917657634158,3364,0.11556659978473324,-0.5745119313297875,0.06635536050798334,4.796555669547304e-18,5570,5.973892061163461e-17,-1.0880287672400744,0.12589689684284489,5.513080492705907e-18,5570,7.552920275007093e-17,-0.5807286865798468,0.08336831594197054,3.264962660306732e-12,5570,1.2089186066541143e-11,False
rais_div_80,703,2661,0.0,0.0,0.2677863889908879,0.01053503464983406,0.10671075751476877,9.849699068392325e-12,1.6257937016502992e-11,vira_vs_LL,-0.25715737937199806,0.005293925322610739,-0.040210836101006675,0.38772262476455877,-0.000866353096060981,0.009929331657733517,0.9304712829244028,3364,0.9490538981791818,-0.11456253354735108,0.06798644110687938,0.09197330413970774,5570,0.1272761885569693,-0.12741708208932548,0.12640245964975672,0.3134415388920234,5570,0.37667974410708077,-0.4899600883802367,0.09427429496205263,2.023389473736614e-07,5570,5.775090789623252e-07,False
rais_sec_Q,703,2661,0.011970534069981584,0.005272407732864675,0.26617090368483687,0.04615515805945124,0.18820238383520893,1.0767730016117786e-14,1.915816898971606e-14,vira_vs_LL,-0.23905002936326145,0.010158938788679258,0.07915230922622293,0.0374918585052606,0.0026804637302252597,0.005897346941057323,0.6494544051845563,3364,0.831544425329759,-0.22823757145224863,0.05364491110866745,2.094242262726362e-05,5570,5.7382237998702317e-05,-0.41531837846121233,0.10277777798338932,5.3238385774024915e-05,5570,0.00014026267021233487,-0.6429561184149823,0.07858882437904496,2.8087587159044756e-16,5570,1.6730432351257094e-15,False
caged_pc_2020,703,2650,1.731815932706581,0.30717631042706706,0.2658772018715454,0.1670407855129051,0.15925494511393223,7.981629342447659e-11,1.2714921161806153e-10,vira_vs_LL,0.24839109084144542,0.0039903339760792855,0.09093530341543193,0.016336234293527593,0.022050277418694433,0.0068270465475409004,0.001238589159575949,3353,0.008484335743095251,-0.27288129305910996,0.036926795029142014,1.4705991839113355e-13,5559,9.593908961707284e-13,-0.5045308819646734,0.07017013002664342,6.473962735665733e-13,5559,4.2834523657261385e-12,-0.32788194903395906,0.04912832599394988,2.4894084150745152e-11,5559,8.318267143053867e-11,True
agro_1000dom,703,2661,137.86097808736034,106.38297872340425,0.2620342192349145,0.3427657884776092,0.14901241952805466,1.1620112144512169e-09,1.788713891908053e-09,vira_vs_LL,0.6507920018193661,1.6904478306289986e-11,0.27373128125517165,4.0687316279381155e-11,0.02542177460638013,0.00974702823005189,0.009103133635661308,3364,0.04157097693618664,-0.6027108816533312,0.0757425891637341,1.7575194574403413e-15,5570,1.852155120533283e-14,-1.2765913989784403,0.14242078665988286,3.14478936901697e-19,5570,6.154802050790355e-18,-0.7991360366070208,0.09472307841245108,3.268404330487443e-17,5570,2.2388569663838986e-16,True
rais_div_29,703,2661,0.0,0.0,0.24851649446734195,0.11533778119481716,0.06726099504833272,1.296894548591656e-07,1.890154820819754e-07,vira_vs_LL,-0.3033903342982821,0.0002608016814883071,-0.14617296957564452,0.0003864011151780453,0.0052291936743196175,0.016963548497913056,0.7578840421886346,3364,0.8581001138829994,0.03678044295522732,0.06384069376039146,0.56452833088798,5570,0.6196772863454496,0.1928817178357328,0.11991757312900038,0.10773611584891418,5570,0.1490893724373863,-0.11639957325811733,0.09188466905134084,0.20522652211165526,5570,0.23827147058726078,False
share_ind,703,2661,0.06026668990761722,0.048538347447490554,0.23940769125962189,0.11639351313149573,0.14263720790748624,5.709671049530591e-09,8.691388153174344e-09,vira_vs_LL,-0.2589458563168309,0.0007424844206096303,-0.04349073095619953,0.17255346101,0.0022202198812585,0.006748943743074751,0.7421761396207855,3364,0.8473177594003968,-0.17550609181390903,0.052469456772751305,0.0008230655341128314,5570,0.0016108568310493985,-0.18864964094261832,0.09907651446283794,0.0568997248984603,5570,0.0820553927483059,-0.12863429974981377,0.07611436209458283,0.09102537127028697,5570,0.11440803544981022,False
rais_div_53,703,2661,0.0018501387604070306,0.0020942408376963353,-0.22002863717030088,-0.11625903958723637,-0.13334434535407658,5.1399092684654626e-08,7.653995323693135e-08,vira_vs_LL,-0.24401504622815967,0.007189413207326063,-0.09000740289168965,0.07339874062452842,-0.00862820303733372,0.005073282815871574,0.08899670764566071,3364,0.21021636116302617,0.2851822937104643,0.04120712904708582,4.494084191741399e-12,5570,2.5653730594523817e-11,0.49626872725032145,0.07867792581317973,2.8339914256846205e-10,5570,1.4379882419214555e-09,0.24669094983979012,0.058157621630867413,2.2176907372325773e-05,5570,4.5346810597143745e-05,False
log_densidade,703,2661,2.9288828931261026,3.1232988021580517,-0.2184053847275503,-0.1944337923537822,-0.1378988316032166,1.7860857857662778e-08,2.688942336812968e-08,vira_vs_LL,-0.5450903655837608,9.105946310632416e-08,-0.2976155532664939,4.0254346308896596e-15,-0.021721466803268506,0.011184992506270608,0.05213481274889126,3364,0.1519674329063426,0.7861474898201373,0.10057635730289906,5.434494643411891e-15,5570,5.31804118676735e-14,1.6522680526056015,0.18676538490926686,9.009895979959836e-19,5570,1.542944686568122e-17,0.7211949681345271,0.10300816060624357,2.535291366826211e-12,5570,9.648192145977524e-12,False
rais_div_86,703,2661,0.007952286282306162,0.004424778761061947,0.21161781666597723,0.0039970185377607645,0.1517012770202113,4.392481111930492e-10,6.838294458346334e-10,vira_vs_LL,-0.25442623927343394,0.006327603724437211,0.04241279913896174,0.23623178641454348,0.0021466462777215887,0.006167987995567741,0.7278174811081851,3364,0.846905826954984,-0.25304685812358974,0.05426778906492266,3.117400293819084e-06,5570,9.086890218153499e-06,-0.47610634359194254,0.1049181772874639,5.682194769907965e-06,5570,1.76922882608498e-05,-0.6666991861935532,0.07595497253207004,1.6706217376554835e-18,5570,1.3215246640556974e-17,False
rais_sec_L,703,2661,0.0,0.0,0.20871302226032934,0.05492650452034333,0.0999982359384246,6.516722688240788e-08,9.599903314935355e-08,vira_vs_LL,-0.3930300690699647,1.1921471887355305e-05,-0.1213839702183139,0.0036033999955716206,-0.003558596827183641,0.009519753393428478,0.7085442869873091,3364,0.846905826954984,-0.10381041812932368,0.06459249415784998,0.1080194601328828,5570,0.14798666038204944,-0.09440813005024479,0.12007061251867217,0.4317083018843493,5570,0.5055045928047509,-0.2012139414495907,0.08183253516226491,0.013938278169577508,5570,0.019891084471167903,False
pix_penetracao,703,2661,0.5705292969679661,0.5522526534550583,0.20102832320993702,0.20201773962360633,0.11933876557385714,1.0959579297436906e-06,1.5478993440709856e-06,vira_vs_LL,-0.3498322234599775,0.0002277803803496683,-0.00979757718557713,0.9421141008226377,-0.018595174142318982,0.007208310876806962,0.00988903667961086,3364,0.043703162100215735,0.22162224448222223,0.0624221646396965,0.00038467921657176185,5570,0.0007985007980353238,0.47919650756464266,0.11910152100904811,5.735689305254804e-05,5570,0.0001455165620036867,0.300444422355652,0.08732732870430471,0.0005807694944504103,5570,0.0009586195269844121,False
vac_polio,703,2661,83.3333333333333,78.1609195402299,0.19644107895930815,0.16684461716419055,0.12293264011059057,4.694786931007707e-07,6.770376942611113e-07,vira_vs_LL,0.3779114724311231,4.0156340549007046e-06,0.10638867679554544,0.004206109933363262,0.0002709600222410677,0.005418316459481701,0.9601158878076514,3364,0.9671755634532959,-0.17690366382245198,0.042773884283703885,3.537405826082433e-05,5570,8.811356330423515e-05,-0.3020836751634501,0.08163617529316204,0.00021528928137725805,5570,0.0004999090092997348,-0.29223794769731587,0.06304176631203814,3.558616967495514e-06,5570,8.705902224051525e-06,False
rais_div_47,703,2661,0.11476879723325221,0.10146332008915593,0.19527697773948371,0.15725291761412896,0.1184700988890155,1.3108507968225033e-06,1.8325159098437035e-06,vira_vs_LL,-0.09732635845267729,0.22674236282145657,0.06566619934490345,0.18820396082225938,-0.0023208345015171845,0.005933696406903188,0.6957026630992529,3364,0.846905826954984,-0.1378594453286003,0.052044320261735014,0.008075768706143068,5570,0.013597200410920024,-0.29609517322684065,0.10065553821334727,0.0032644973932137913,5570,0.006043731660409316,-0.3316088615137915,0.07280949043336428,5.251705826220197e-06,5570,1.240489134814081e-05,False
rais_div_93,703,2661,0.0,0.0,0.19003710990871917,0.04306576739463286,0.1075853044048618,6.737234331470592e-07,9.614594827202823e-07,vira_vs_LL,-0.4444328011546891,3.7066253694850723e-06,-0.11229833904727785,0.02037322687253409,-0.004084864045625634,0.008342532488167,0.6243864232955405,3364,0.8201525663698533,-0.04219595553278978,0.058709455719325974,0.47231035580612724,5570,0.5347646177309043,-0.016695486118904618,0.11000503467896132,0.8793681867372634,5570,0.9058153502481585,-0.1528876413076725,0.07731340276790408,0.04798457477854367,5570,0.06444987004569101,False
rais_div_71,703,2661,0.0,0.0,0.18876861355341273,0.07771137984306004,0.10013615347977178,2.7428608233461166e-06,3.75771932798418e-06,vira_vs_LL,-0.2515941203710186,0.002148762437326414,-0.03214879850710166,0.271935808972944,0.011220871177049587,0.0070557655886394855,0.11176441547668912,3364,0.23924570187978766,-0.14491543806715523,0.05008287552817245,0.003809588437202252,5570,0.007046737947962061,-0.2094561786714022,0.09402444466501111,0.025902000900230152,5570,0.04224493003966108,-0.25219039301337576,0.06898860914634519,0.00025664448226102353,5570,0.00043950367587200284,False
rais_div_22,703,2661,0.0,0.0,0.18759590142124313,0.13632658866971267,0.066985694529752,9.334349050370256e-06,1.2296209806737742e-05,vira_vs_LL,-0.28617997258654443,0.0002277803803496683,-0.16546480738552988,7.013172912894544e-05,0.01198960208656276,0.011715526455344334,0.306121490032924,3364,0.4992695730298879,0.12323821256669468,0.06228586478535676,0.04786214419594687,5570,0.06975652930685873,0.38590844946740765,0.12629325106559453,0.0022457041100302586,5570,0.004333260043297823,0.1601672295440405,0.08975842274339974,0.07435453036642431,5570,0.0952015949551414,False
rais_sec_N,703,2661,0.011387600168705188,0.007340347443112307,0.18208442576982167,0.09226166807939452,0.11282670554016905,4.001343159433417e-06,5.322174881964837e-06,vira_vs_LL,-0.28665688172471615,0.001503817606807538,-0.03504318322172669,0.41243310525182475,-0.0023304487304576286,0.0058931063540754655,0.6925083329746504,3364,0.846905826954984,-0.11850311136926467,0.051897917252650305,0.022407489595529566,5570,0.03528535717916725,-0.185074321462397,0.09406966004096408,0.049135066531726765,5570,0.07161174590262305,-0.23996589988929803,0.0753327081306597,0.0014454681539145101,5570,0.0022761969780033093,False
rais_sec_R,703,2661,0.0,0.0,0.17595194012944598,0.03652575884319922,0.10104811985782725,3.877081685117274e-06,5.207452851579084e-06,vira_vs_LL,-0.4467536762787421,2.943138632712435e-06,-0.11190049336949037,0.015242289641859525,-0.002858041374456205,0.007942867410394017,0.7189780903366695,3364,0.846905826954984,-0.031070010174514953,0.057096483299364224,0.5863267011153639,5570,0.6375139528000385,0.017241679665945475,0.10583650343304153,0.8705903766829018,5570,0.9035672848905875,-0.1466501294879578,0.07581821367288537,0.053084424149677824,5570,0.06992852027409482,False
rais_div_61,703,2661,0.0017825311942959,0.002552322613578356,-0.17275115996881096,-0.16162662461877872,-0.08358872133867679,0.00044845166679721623,0.0005485524852787377,vira_vs_LL,-0.3022492225965746,0.0004398191224747838,-0.14808454430861792,0.0014346189753612162,0.007124900344352956,0.005454375310466041,0.19145991350198677,3364,0.3406494564905479,-0.10117714960669098,0.04360037325076636,0.020310767376116055,5570,0.032736178006210585,-0.16799341403639045,0.0795812070720198,0.03477502734774071,5570,0.05293531940711642,-0.06418654210063007,0.053476137847356824,0.23002913807451564,5570,0.2626165993017387,False
rais_div_82,703,2661,0.005858230814294083,0.00392436674991081,0.17220187155427014,0.07931679023614109,0.10324731662178999,2.398952633750678e-05,3.130062007846123e-05,vira_vs_LL,-0.2662604816053741,0.0015837820497653075,-0.030854520015230126,0.3466705139207856,0.0010155125887384387,0.006787076362003302,0.8810609145863476,3364,0.9214148496055696,-0.09549043388368478,0.049968393546453216,0.05600243650616276,5570,0.08076140843520313,-0.19273294272929203,0.09110668311908107,0.034390387897250865,5570,0.05293531940711642,-0.28461266671918634,0.07614071189727771,0.0001855026797437127,5570,0.0003343929884853768,False
cauc_pendencias,703,2660,1.0,1.0,-0.16903041448786096,-0.06221960194776681,-0.11071080974128067,3.4349193784363856e-06,4.659247077681038e-06,vira_vs_LL,-0.05768221099916381,0.6582261511124761,-0.0006668155731940964,0.58341714015715,-0.0032717583119699512,0.006309681603913118,0.6040886328007142,3363,0.819407353402949,0.0363232624249515,0.04797921337824596,0.44901242921409357,5568,0.5126225233527568,0.0660713885595672,0.088545661692016,0.4555560500909247,5568,0.524463687919804,0.256245364795688,0.07145545003917375,0.0003356787332971579,5568,0.0005608291031915931,False
capital_social_mediano,703,2661,30000.0,35000.0,-0.16382965912775557,-0.01663837788915961,-0.11547814354436325,2.085413526682262e-06,2.8858752843986856e-06,vira_vs_LL,-0.03389524375948177,0.9015079320468009,-0.11449445791186978,0.0015891407578559073,0.023740444255917533,0.006633201694099207,0.00034486862003658893,3364,0.003140001834845256,-0.3761958008007699,0.0566577814875366,3.1412925560669604e-11,5570,1.5939151117821242e-10,-0.7084513030966767,0.10721150580192533,3.896037963033022e-11,5570,2.2239883372313499e-10,-0.31676492907204323,0.07801599034686464,4.901884289185777e-05,5570,9.458565459414808e-05,False
ip_100k,703,2661,0.0,0.0,-0.1614808271973661,-0.13117654095114883,-0.05227662837583924,0.00016918685945973975,0.00021662242753256396,vira_vs_LL,-0.2668350122117034,0.0018961527298175435,-0.18607801524490233,3.2424392164912567e-06,-0.00737970451423902,0.009534855757492706,0.43894777538330465,3364,0.6397430343352418,0.12070779851157934,0.08331164216384324,0.1473736909453042,5570,0.1922875777095874,0.24468570385923838,0.1598115889954245,0.12574749412480588,5570,0.16725637568056703,-0.0387286038303139,0.11029005708762632,0.7254741163095895,5570,0.741716074137416,False
rais_sec_T,703,2661,0.0,0.0,0.1500853014390089,0.11793898220149389,0.01756096570076271,0.0009865185709874449,0.0011855530195199995,vira_vs_LL,-0.11320167728995294,0.08332389487975464,-0.02652554186429207,0.35224304916576943,0.0036802972526135853,0.022344654486805966,0.8691754438131334,3364,0.9214148496055696,0.1959025525955307,0.06882734073553695,0.0044231931244648835,5570,0.007869837117554403,0.40835974790690316,0.1349181747613465,0.002472215723624117,5570,0.004704077140784778,-0.18353975717883853,0.09418456394576163,0.051328347133983925,5570,0.06827168502287183,False
rais_div_41,703,2661,0.0038314176245210726,0.00449666376559327,-0.137826103057627,-0.14232134341064315,-0.06787414008680248,0.005122442612396165,0.0059472426940531745,vira_vs_LL,-0.4028750631741767,5.661353575344837e-06,-0.20339908868292386,2.134884555650418e-06,-0.0039534990477507,0.004543970063160445,0.3842709283654804,3364,0.5849457465118979,-0.011203693964881703,0.04021160668767357,0.7805376819563585,5570,0.8040124994588054,0.04380714368177896,0.0755279375722787,0.5619062259125946,5570,0.6362078756200451,0.06388330337436622,0.054611807519427125,0.2420931761993148,5570,0.2741054970190589,False
nota_consumidor,694,2644,3.008619730841953,2.952380952380953,0.13621865797971258,0.10747273532245849,0.08836765968949334,0.0003331090149510296,0.0004111345499846041,vira_vs_LL,0.11489399364695128,0.10602310247166097,0.04620730076734873,0.19495098350254753,0.0006974836772694041,0.004251696811072971,0.8696931129080738,3338,0.9214148496055696,0.012804651138011429,0.036915140883008526,0.7286910976597256,5541,0.7562930331771395,0.025967276135241052,0.0703380001040045,0.7119946933517906,5541,0.7866392982999622,0.054744373677740044,0.0493730222387734,0.2675202579938665,5541,0.30041209299311233,False
rais_div_55,703,2661,0.0010080645161290322,0.0,0.13603429652948404,0.005350379257291557,0.09158419678801799,5.071211636538059e-05,6.554301832129377e-05,vira_vs_LL,-0.3211359736924729,0.0004559837733696446,-0.041322056130271706,0.39519064913520086,-0.014769214555549396,0.007509806313689014,0.049222745844041994,3364,0.1519674329063426,-0.20980865188907252,0.050174630227806986,2.8950503681534244e-05,5570,7.627344239173446e-05,-0.3746884177819485,0.09390565767057657,6.605892803229323e-05,5570,0.00016454678437134859,-0.29334851849092913,0.06555219604375921,7.639799560556396e-06,5570,1.7739873555868244e-05,False
tempo_resposta,701,2656,6.747232472324724,6.686190476190476,0.1352110747081037,-0.002641954559547516,0.06781781190382064,0.0056768783243938544,0.00653556580203326,vira_vs_LL,0.16427761715469416,0.13168642186869536,0.14111019663104446,0.003993741974799799,0.004313603250711307,0.0044648599279519825,0.33398270602909363,3357,0.5182646023047491,0.06593574320222859,0.04208635629720533,0.11719011627336069,5563,0.15896085078663777,0.06315102208442469,0.07780491399660748,0.4169875965736589,5563,0.49247673043613166,-0.24914489037252277,0.06271756234530924,7.11252176059892e-05,5563,0.00013348157276740438,False
rais_div_42,703,2661,0.0022650056625141564,0.0011160714285714285,0.13339372850533582,0.012099069029507555,0.08628292447197095,0.00024390264055341047,0.000309395016257567,vira_vs_LL,-0.03207516538012022,0.5862933648079635,0.01465561846871384,0.8312877991903922,0.009535889548875758,0.005472903689300036,0.08144160195309617,3364,0.19924106192096744,-0.15790687696605568,0.039574713354670124,6.604675814260131e-05,5570,0.00015445008821237394,-0.23814416477955627,0.074575896429155,0.0014065049831802488,5570,0.002833693863171972,-0.26372467471291205,0.053667844198959876,8.922921163831961e-07,5570,2.3064909423490164e-06,False
rais_div_15,703,2661,0.0,0.0,0.13072344618472637,-0.034984521816543476,0.046239795839273734,0.00027363576708909173,0.0003439275237725281,vira_vs_LL,-0.17562257978995488,0.023425846368027792,-0.09082012827231623,0.038828258866012655,-0.009453129334860243,0.01139162597506914,0.4066340948662609,3364,0.6055312064856276,-0.05539813292372586,0.07288275007345019,0.4471951850417527,5570,0.5126225233527568,0.02792462501095671,0.1458398370092094,0.8481537756520721,5570,0.8938235943410299,-0.3557490312670225,0.11308479035373084,0.0016559868960220453,5570,0.00254910342421371,False
rais_sec_B,703,2661,0.0,0.0,0.11703070354495418,-0.04256176219850369,0.0758027950219251,0.0002996617984410927,0.0003732151489675427,vira_vs_LL,-0.07750313239170625,0.3504895046620503,0.02775481602010001,0.5071215792237239,-0.008199992099979247,0.007030854647405172,0.24349855818937127,3364,0.41184324039436865,-0.19553868654033893,0.053439487808207384,0.0002531347858012451,5570,0.0005335302408426243,-0.32844536503624344,0.09467202364685132,0.0005218223004046281,5570,0.0011347564310386356,-0.31882166952804436,0.0772454870650337,3.669158459360777e-05,5570,7.181067270463235e-05,False
rais_sec_J,703,2661,0.002932551319648094,0.0035885167464114833,-0.10509919330618345,-0.10964722124114896,-0.04867901189030954,0.0426793074729269,0.047537114827568984,vira_vs_LL,-0.35628784631553695,5.342579184953258e-05,-0.17668048004775647,2.772472259018575e-05,0.002043630303247404,0.0057960354048250074,0.7243950361085416,3364,0.846905826954984,-0.060348738786467106,0.046393331440159086,0.19332475782537173,5570,0.2452360353895919,-0.1059704979377109,0.08445700921732206,0.2095778457875518,5570,0.25635861493655887,-0.10697125578460992,0.059912833826525035,0.07418866132353141,5570,0.0952015949551414,False
rais_div_23,703,2661,0.0013908205841446453,0.0,0.10366003966347631,-0.018099426643766358,0.07967998853894542,0.0005014495917764277,0.0006079521599413328,vira_vs_LL,-0.18804414826731936,0.02197200845849825,-0.08548221505755926,0.04825177253238158,-0.00017812501840162387,0.00559986396929659,0.9746245194936284,3364,0.9746245194936284,-0.19067475684058258,0.04543479713560114,2.7087061518370852e-05,5570,7.276328290229033e-05,-0.26482515179929744,0.08627690700132093,0.0021443250059083735,5570,0.004196750368706387,-0.2500032222611693,0.06222189857208195,5.871167419916126e-05,5570,0.00011171526896229296,False
d_ivs,703,2661,-0.13,-0.139,0.1031183143411309,0.07925373674321573,0.08007235859843709,0.0010754011678468683,0.0012700858620260428,vira_vs_LL,-0.045647890696847715,0.8581244193044266,-0.08437796249612502,0.06961085727746202,0.025059713075843648,0.006015883965895244,3.105467977683734e-05,3364,0.0005318113911783395,0.17266224159666294,0.049958958844524774,0.0005480892420278215,5565,0.0011207197934001722,0.31071111116881683,0.09359712123475558,0.0009012544569322682,5565,0.00189956708614955,0.24833675207513178,0.05944035853840743,2.9419384444297466e-05,5565,5.927140689512872e-05,True
autos_100k,517,2152,57.87037037037037,55.303831821448256,0.09971685170720251,0.18445017711851516,0.03364599886390596,0.23421196877008488,0.2506799978242315,vira_vs_LL,0.14548384729617947,0.5518021993204815,0.16321159511110966,0.0018244007678368081,0.0006124186665057395,0.0071122925610195625,0.9313813042261746,2669,0.9490538981791818,-0.5002149854341846,0.07059843802889816,1.386884637304219e-12,4340,8.261008491768609e-12,-0.9635116368130223,0.13404103761687125,6.565875889069263e-13,4340,4.2834523657261385e-12,-0.16994369862510464,0.0754568499085225,0.02430981913860323,4340,0.03398413491825145,False
rais_sec_F,703,2661,0.017116774438950173,0.014064190407500902,0.09522242771830629,-0.028411514585107895,0.06732460817786867,0.005926758822280806,0.006766382988770587,vira_vs_LL,-0.1635801129895982,0.06930727414848167,-0.046710373070081156,0.20631633770487198,0.0010686521668699953,0.004450493650482105,0.810237294141075,3364,0.8946193149941716,-0.1250083325193018,0.03822213939661914,0.0010732948511941118,5570,0.0020710055579379336,-0.14366321638699658,0.0701805322043655,0.040652954575643524,5570,0.060537551922425686,-0.19097176432846358,0.0531352308788317,0.00032555172087837716,5570,0.0005506245155597242,False
hhi_smp,703,2661,39.0,37.0,0.09491939103893575,0.10593010435207012,0.05862564635483403,0.01664419109408453,0.01869060803188181,vira_vs_LL,-0.3556684761345056,0.00020819830703441237,-0.07501052244259569,0.08310822351866153,-0.00578315479071625,0.006817295575440851,0.3962674095242015,3364,0.5965784077452264,0.010125637994838337,0.05886163776383361,0.8634183455038748,5570,0.8762097284002285,0.08352833177986058,0.1097492572733578,0.4466072879693517,5570,0.5185186309474676,-0.04518705988566557,0.07723241957728467,0.5584946588116277,5570,0.5796497595241894,False
rais_div_62,703,2661,0.0,0.0,0.094586362927922,-0.007370831087632192,0.03875215629799378,0.013414906308945634,0.015188778217566543,vira_vs_LL,-0.44610346621281155,1.8725673388946636e-07,-0.1715601718039004,2.6039064969041505e-05,-0.01703210448022178,0.010062958600882889,0.0905403241723989,3364,0.21023770189184154,0.06282009716656344,0.05786853732177847,0.2776711975195971,5570,0.3366456111520779,0.16188031913176712,0.10787454421245346,0.13344998757100576,5570,0.174120459973598,-0.08332937483638155,0.0777352833651232,0.28373649367006115,5570,0.31603170433169414,False
rais_sec_E,703,2661,0.00024709661477637757,0.0,0.08816780769873535,-0.044607997076197795,0.06999315223370295,0.0015646792712039473,0.0018321458132900923,vira_vs_LL,-0.20764902659961257,0.04172273351158112,-0.06545385575430086,0.18820396082225938,0.00679416598788222,0.005926583819548352,0.2516345468612299,3364,0.4204138160974206,0.07387633520635431,0.047679678508823986,0.12127833161903842,5570,0.16131195564862394,0.17911000853935943,0.08775104168274071,0.04123935122750488,5570,0.060750442130840535,0.14576310638193718,0.07195629574223421,0.042793772442569766,5570,0.058046998263683744,False
transito_100k,703,2661,20.912801980860603,20.458629093949583,0.08788008825597701,0.13814548681178335,0.04305913936246819,0.07866148799929136,0.08690825690244287,vira_vs_LL,0.39892361272857624,2.751442463993634e-06,0.04797333723632522,0.3887897697651097,0.01601677903065795,0.005665455502386307,0.004697243955724104,3364,0.024750862382084706,-0.31777100921910467,0.04793847123695019,3.385955299912507e-11,5570,1.6566995574571908e-10,-0.6024546287558128,0.08944957111015932,1.6378168317033114e-11,5570,9.755691562754508e-11,-0.29243656874424395,0.06613488580555744,9.787292301421867e-06,5570,2.1626758795077352e-05,False
cresc_pop,703,2661,0.0007729468599033673,-0.004711999350069052,0.0842344547644292,0.12888421488250007,0.03009970155285524,0.21899670402290894,0.23624053898534272,vira_vs_LL,-0.13944564080576527,0.0997561731497826,-0.16716891595039887,2.6039064969041505e-05,0.028856823805492794,0.0062821001133046665,4.35874039321406e-06,3364,0.00010487202960662794,-0.223414534342979,0.05607189749331611,6.764237439957983e-05,5565,0.00015445008821237394,-0.2696767508422961,0.10632224952677032,0.011199572499760668,5565,0.019422043448952046,-0.062019156616119654,0.08607270733760927,0.47119023496917645,5565,0.5043207983654466,False
rais_div_96,703,2661,0.0007654037504783774,0.0,0.07871596297951061,-0.013698936691915721,0.07474061612790628,0.001066724594128691,0.0012700858620260428,vira_vs_LL,-0.3887799663305022,7.142888103607154e-05,-0.09590382787776443,0.04516896741816248,-0.004372742400766841,0.006102458478772406,0.47364919816442796,3364,0.6700581474434515,-0.13003569770433965,0.04768785231523579,0.006394991107908039,5570,0.010951422272292519,-0.18380281095114326,0.08837610203076579,0.037545756368444046,5570,0.056524929917327854,-0.35786877551779106,0.07360775088976428,1.1630226281270427e-06,5570,2.95063148247046e-06,False
rais_div_77,703,2661,0.0,0.0,0.04414555791587944,-0.039626454132069826,0.03137089501534995,0.1480492815643447,0.1609742188437716,vira_vs_LL,-0.37432310152018217,4.121240347332833e-05,-0.08686026204901522,0.03506360184705838,-0.0030469753887306552,0.00620479495800579,0.6233784516900848,3364,0.8201525663698533,-0.26304663079561724,0.05118385002744653,2.7583636272804626e-07,5570,8.997519450891032e-07,-0.40151150510931566,0.09486749805865617,2.312724509625099e-05,5570,6.336865156372772e-05,-0.210276644460496,0.07351888862743707,0.0042341170017474415,5570,0.0061710003110574405,False
share_serv,703,2661,0.2626090018434516,0.24686014225400327,0.04273099359327313,0.0745246620128987,0.04142711512319308,0.09068540688087963,0.09939120594144407,vira_vs_LL,-0.397515456502905,6.329973303372279e-06,-0.19932263135016806,3.232389633251082e-05,-0.008643162745250073,0.008911184806292622,0.33208489451250356,3364,0.5182646023047491,0.17937282262039222,0.06439664557753862,0.005345556674114344,5570,0.009388990568636733,0.37721216310189526,0.11912225336938376,0.0015423392928937693,5570,0.0030623258424122665,0.12602481899338652,0.08736561919655408,0.14916165133781845,5570,0.18084200206443476,False
d_caged_mineracao_pc,703,2658,1.321910035292504,1.143203023464031,-0.040021997189154376,-0.06713086933691358,-0.02240746151878381,0.36021562748690317,0.3825545811295018,vira_vs_LL,-0.21985800320552462,0.00625289673839224,-0.09294038903491487,0.04066565720950383,-0.010057126228872487,0.006086625381497558,0.09846687799656482,3361,0.2211469227135964,0.04568501751430531,0.03242682720501671,0.1588751306450905,5567,0.2053386122488434,0.09058797598855382,0.06153489516327648,0.14098309588411467,5567,0.18221400128418594,0.14083568034969018,0.04431624178252763,0.0014831017130749033,5567,0.002308919712400702,False
cafir_ha_por_imovel,699,2646,543.7535211267606,534.7240218495936,0.0352755824701841,-0.004803852064361363,0.011310834936422598,0.6450999665705632,0.6645014693245651,vira_vs_LL,-0.12070321087835946,0.20916155415249987,0.12696100471638197,0.002757980462694194,-0.023016910133493905,0.007161108554727435,0.0013082920295006328,3345,0.008535048001980319,-0.13522928898656988,0.07520015531338703,0.07213611508522404,5547,0.10084334455791523,-0.305183902313959,0.14099833836575235,0.030429803451530704,5547,0.04847538456813612,-0.1908711852359778,0.08873898263601349,0.031481862819143946,5547,0.04313015206222721,False
pbf_choque_pct,703,2661,-0.011299435028248594,-0.01572327044025157,0.024021573530463906,0.06030985927386439,0.01994137969928622,0.41544366101158503,0.4311801633226299,vira_vs_LL,-0.1969071878104649,0.03970726329488247,-0.05494623168199685,0.3530881290752479,-0.01932513064522854,0.00771724279281642,0.012274611283846005,3364,0.049461768412720535,0.030274241170375638,0.03529051668933842,0.39097104888259027,5570,0.4578037068112382,0.03164609789132308,0.06600283025308912,0.6316073133428866,5570,0.7083368439811775,-0.032478539840601214,0.046787592245834654,0.4875756450819131,5570,0.5153454008289559,False
saude_1000dom,703,2661,3.0719190458980847,2.971277649389237,-0.019948236251526523,0.02576302513764135,0.007524524465128524,0.7586398911791888,0.7698790006781397,vira_vs_LL,-0.03540470045344962,0.8529979029286683,-0.053362443979330966,0.5045077055408029,-0.004598057259257114,0.00664878671645221,0.4892115801795113,3364,0.6769897624706368,0.02512155458958835,0.0437017613527124,0.5653989838918336,5570,0.6196772863454496,-0.0007234787061682416,0.08270274098089202,0.9930202418874733,5570,0.9987760799996478,0.06372881361222911,0.0669846113470554,0.3414039786172711,5570,0.37417876056452914,False
rais_sec_P,703,2661,0.003218884120171674,0.0028268551236749115,0.01773884243664115,-0.05917628969728064,0.020842120230953,0.37838881534923363,0.3957196007850764,vira_vs_LL,-0.527405761835505,7.240156771590158e-09,-0.14184755230113746,0.0006238721909027276,-0.010522047598790402,0.007146736168872067,0.1409433604112497,3364,0.2735439627610363,-0.10624474436380799,0.04929645984991922,0.03114457787612629,5570,0.04740896854477002,-0.14861774890173604,0.09412114407031229,0.11433493015839881,5570,0.15356750423235918,-0.3713524892160802,0.08507066648842988,1.2699273213409963e-05,5570,2.7184381722455703e-05,False
rais_div_85,703,2661,0.003218884120171674,0.0028268551236749115,0.01773884243664115,-0.05917628969728064,0.020842120230953,0.37838881534923363,0.3957196007850764,vira_vs_LL,-0.527405761835505,7.240156771590158e-09,-0.14184755230113746,0.0006238721909027276,-0.010522047598790402,0.007146736168872067,0.1409433604112497,3364,0.2735439627610363,-0.10624474436380799,0.04929645984991922,0.03114457787612629,5570,0.04740896854477002,-0.14861774890173604,0.09412114407031229,0.11433493015839881,5570,0.15356750423235918,-0.3713524892160802,0.08507066648842988,1.2699273213409963e-05,5570,2.7184381722455703e-05,False
rais_div_78,703,2661,0.0,0.0,-0.014612155128496547,-0.007084068974631867,-0.004735703483700893,0.727357334212672,0.7436414536353437,vira_vs_LL,-0.34201083755966355,4.6038376585693593e-05,-0.14543376112271406,0.00019136368544389002,-0.012947039705005034,0.00906113481831008,0.1530461701423083,3364,0.28267783790325235,-0.004622809599854769,0.06370049699304817,0.9421474940985433,5570,0.9421474940985433,0.02931172108358443,0.11545419258743585,0.7995868566354833,5570,0.8508833263910098,-0.04651809341614538,0.0774808639381594,0.5482518757476629,5570,0.5733626486826703,False
c22_share_indigena,564,2323,0.000866745640268222,0.0008836710219024174,-0.008479631950723373,-0.07867097729848094,-0.007771498703986968,0.774361942855667,0.7800557806707822,vira_vs_LL,-0.22152762952773963,0.01729440243420161,0.014060338224552806,0.6824000976232167,-0.010006772954817864,0.006190589091024088,0.10599722231904635,2887,0.23421966867273145,0.07265665779961508,0.05858426444045959,0.21489856883917213,4825,0.2701018709262989,0.1467094170888688,0.11007584146724818,0.18259644501650418,4825,0.2274155724296461,0.04945423955001321,0.07147825528817692,0.4890138839982793,4825,0.5153454008289559,False
rais_sec_U,703,2661,0.0,0.0,-0.007427668349496432,0.01017185705394024,-0.000535098677862611,0.8252678080903213,0.8252678080903213,vira_vs_LL,-0.22718788426329667,0.009770332252224385,-0.02358958359885527,0.5598037624855332,-0.0978386088346945,0.029243145280849585,0.0008207698953363339,3364,0.005918182929530408,0.5297107111516438,0.1543293605689168,0.0005983986582095503,5570,0.001205597296686888,0.9206905163125042,0.2740290322015758,0.0007799090710385356,5570,0.0016694928551918653,-0.007414943379752362,0.2099100985232433,0.9718210857139622,5570,0.9718210857139622,False
