ano,provaveis,confirmados,alarme_ou_grave,grave,sinan_internados,sinan_obitos,sinan_obitos_investigacao,sih_internacoes,sih_internacoes_a91,sih_obitos,sih_valor_aih,sih_dias,sim_obitos,populacao
2014,593790,458046,9433,796,19764,500,58,36809,1102,164,12050602.0,113701,458,202768562
2015,1700546,1323818,23805,1825,38363,1008,104,72146,2061,428,23897948.0,217528,930,204450049
2016,1515533,1065165,10708,1034,32221,728,385,62383,1632,423,20839483.0,187816,853,206081432
2017,243248,167604,3208,344,11597,205,77,19467,719,153,6587083.0,59507,210,207660929
2018,265460,198402,4980,444,15044,221,56,17858,1340,141,6308230.0,58017,239,208494900
2019,1554126,1311744,21977,1591,56057,850,159,55833,3916,456,20971795.0,178855,902,210147125
2020,956463,793010,10512,934,32092,582,112,34050,1654,291,12876173.0,107547,685,211755692
2021,531991,447884,5282,440,16935,277,55,16682,1264,172,6462171.0,56527,404,213317639
2022,1393877,1243350,20194,1540,49763,1051,64,45721,2999,527,19209763.0,144849,1244,203080756
2023,1508653,1297582,21662,1546,49695,1096,95,47864,3021,610,21672422.0,156232,NULL,203078668
2024,6434137,5865738,107613,8688,187492,6270,367,158910,9699,2515,80824954.0,533167,NULL,212583750
