sigla_uf,provaveis,alarme_ou_grave,sinan_obitos,provaveis_2024,sinan_obitos_2024,sih_internacoes,sih_obitos,populacao_media
AC,95078,571,23,6269,1,3658,27,848466.6363636364
AL,152774,2653,77,17900,20,6526,71,3295453.5454545454
AM,63428,427,65,8689,6,3656,13,4067701.090909091
AP,21960,505,20,10798,14,1830,28,798415.8181818182
BA,649897,11133,357,232410,187,44607,334,14880552.909090908
CE,325501,3329,282,12550,9,26546,133,9017304.818181818
DF,515274,17297,666,264351,441,12219,173,2958262.4545454546
ES,188410,5379,135,575,0,15172,134,3976196.727272727
GO,1413322,33287,1247,334573,448,62353,597,6939240.636363637
MA,77384,1361,89,11386,8,21287,71,6968349.454545454
MG,3579217,28253,2142,1663014,1204,81326,999,21003364.09090909
MS,309116,3935,231,18919,31,20069,167,2750721.5454545454
MT,242814,3133,138,42980,32,11182,108,3483048.4545454546
PA,82608,729,33,21261,12,16602,85,8397926.181818182
PB,172609,1283,91,14580,11,10841,63,4013570.8181818184
PE,347095,1590,147,24486,12,13140,131,9409644.0
PI,96399,1958,54,15103,23,9224,42,3259705.0
PR,1493113,26981,1341,648319,736,50374,450,11401724.090909092
RJ,599084,8294,376,302273,234,17550,332,16813692.454545453
RN,232716,2031,153,17484,3,7061,57,3451376.909090909
RO,52448,632,44,5247,5,10893,43,1742270.2727272727
RR,6078,95,5,705,0,568,5,590536.0
RS,352697,4246,421,224792,281,9346,148,11241539.363636363
SC,605705,12972,537,335611,341,13828,154,7233497.454545454
SE,34484,1098,52,1916,7,3288,42,2269253.727272727
SP,4883423,64482,4009,2180074,2197,88570,1429,45224406.63636363
TO,80792,1507,45,4259,7,4634,22,1547370.0
