ano,provaveis,pct_internacao_ignorada,pct_evolucao_ignorada,pct_raca_ignorada,pct_confirmacao_laboratorial,pct_sem_municipio,pct_diabetes_ignorado,pct_inconclusivo,mediana_dias_sintoma_notificacao,mediana_dias_notificacao_encerramento
2014,593790,0.5077518988194479,0.2158305124707388,0.3644908132504758,0.45390374373727,0.00016840970713551928,1.0,0.14884150054226916,3.0,31.0
2015,1700546,0.5481668828717365,0.2418981903459242,0.4059490304878551,0.380863356201227,0.00017112151038548796,0.9792596025041369,0.1824305727089876,3.0,34.0
2016,1515533,0.5493110344677418,0.33461824981706106,0.44667717562072223,0.29275202193258526,0.0005014737389420091,0.5377065362483034,0.2724822578876947,3.0,57.0
2017,243248,0.45295747549825693,0.35314164967440637,0.3228721305005591,0.2537925619495731,3.2888245740972175e-05,0.17402815233835428,0.30962668830553647,3.0,50.0
2018,265460,0.3770549235289686,0.3216040081368191,0.3015143524448128,0.30586639203026283,9.79431929480901e-05,0.1518006479318918,0.2511323489446508,3.0,35.0
2019,1554126,0.3396835263035301,0.20798442339938975,0.25704929973502794,0.31819560101375816,4.76151869282156e-05,0.0601592148899124,0.15452629407859542,3.0,33.0
2020,956463,0.3016478421015763,0.23114223968935546,0.1600887854522339,0.3992895536923855,0.00015578229372176445,0.04000363840524934,0.16952911952346444,3.0,27.0
2021,531991,0.30550704805156476,0.22486282662676624,0.1980221469912085,0.5514923372453965,0.0006785829083574722,0.042107855208076826,0.1566686562892472,3.0,26.0
2022,1393877,0.2681441762795426,0.18040257497612774,0.19732372368580586,0.46480449342147917,0.004106531638013971,0.04033497934179271,0.1070421827139569,3.0,21.0
2023,1508653,0.2824718474029482,0.20482973884650746,0.15741326865753755,0.47234390670723186,0.0021820789803884658,0.035100185397172176,0.13797334562792432,3.0,22.0
2024,6434137,0.30217214833939654,0.18908238975949687,0.1665865989487013,0.36624561760073165,0.0021157460588731637,0.01804251292753014,0.0872025086401402,3.0,21.0
2025,3435753,0.25916851415104636,0.20102289076077354,0.13813915028233986,0.34493179975845223,5.530083216110122e-06,0.040933967022658495,0.11266922857036778,3.0,14.0
