semana_sintomas,provaveis
1015-11,1
1015-17,1
1016-08,1
1018-17,1
1019-18,2
1201-03,1
1201-10,1
1201-19,1
1201-47,1
1208-50,1
1220-01,1
1352-52,5
1401-01,9
1402-02,3
1403-03,2
1404-04,14
1405-05,2
1406-06,3
1407-07,1
1408-08,5
1409-09,1
1410-10,5
1411-11,6
1413-13,6
1414-14,22
1415-15,12
1416-16,1
1417-17,3
1418-18,3
1419-19,4
1420-20,8
1421-21,14
1422-22,1
1424-24,2
1425-25,2
1427-27,1
1431-31,1
1436-36,1
1442-42,1
1502-02,1
1907-07,1
1911-28,1
1912-28,1
1912-29,1
1922-52,1
1923-43,1
1924-07,1
1926-20,1
1926-43,1
1927-02,1
1927-17,1
1927-34,1
1927-40,1
1927-41,1
1928-02,1
1928-10,1
1928-15,1
1928-19,1
1928-39,1
1928-47,1
1928-49,1
1929-09,1
1929-23,1
1929-25,1
1929-26,1
1929-29,1
1929-30,1
1929-33,1
1929-36,1
1929-37,1
1929-41,1
1929-42,1
1929-47,1
1930-04,1
1930-09,1
1930-12,1
1930-15,1
1930-17,1
1930-21,1
1930-32,1
1930-38,1
1930-52,1
1931-06,1
1931-10,1
1931-31,1
1931-32,1
1931-35,1
1931-36,1
1931-40,1
1931-45,1
1931-46,1
1932-01,1
1932-02,1
1932-03,1
1932-08,1
1932-10,1
1932-13,1
1932-22,1
1932-27,1
1932-31,1
1932-34,1
1932-39,1
1932-41,1
1932-42,1
1932-43,1
1932-50,1
1932-52,1
1933-05,1
1933-12,1
1933-19,1
1933-21,1
1933-22,1
1933-25,1
1933-33,1
1933-36,1
1933-40,1
1933-48,1
1934-02,1
1934-03,1
1934-06,2
1934-07,1
1934-12,1
1934-13,1
1934-18,1
1934-26,1
1934-36,2
1934-37,1
1934-41,1
1934-44,1
1934-45,1
1934-47,1
1935-04,1
1935-05,1
1935-06,2
1935-07,1
1935-10,2
1935-17,1
1935-24,1
1935-27,1
1935-30,1
1935-32,1
1935-35,1
1935-39,1
1935-41,2
1935-42,1
1935-43,1
1935-47,1
1936-10,1
1936-12,1
1936-13,2
1936-14,2
1936-20,1
1936-21,1
1936-23,2
1936-26,1
1936-28,1
1936-29,2
1936-30,1
1936-34,1
1936-35,1
1936-39,1
1936-42,1
1936-48,1
1936-50,1
1937-04,2
1937-06,1
1937-08,1
1937-11,1
1937-26,1
1937-28,1
1937-29,2
1937-31,2
1937-34,1
1937-35,1
1937-40,1
1937-41,3
1937-44,2
1937-48,1
1937-51,1
1937-52,1
1938-01,1
1938-03,1
1938-04,1
1938-08,1
1938-09,1
1938-11,1
1938-15,1
1938-16,1
1938-17,1
1938-20,1
1938-24,3
1938-26,1
1938-28,1
1938-29,1
1938-33,1
1938-34,2
1938-35,1
1938-36,1
1938-41,1
1938-43,1
1938-45,2
1938-49,1
1938-50,2
1939-02,1
1939-03,1
1939-05,1
1939-12,1
1939-13,1
1939-19,1
1939-21,1
1939-22,1
1939-23,2
1939-24,2
1939-27,1
1939-31,1
1939-38,1
1939-40,2
1939-43,1
1939-44,1
1939-49,1
1939-52,1
1940-02,2
1940-03,1
1940-04,1
1940-06,1
1940-09,3
1940-11,2
1940-12,1
1940-14,2
1940-15,1
1940-18,2
1940-21,1
1940-27,1
1940-31,1
1940-38,2
1940-40,1
1940-41,1
1940-45,1
1940-46,1
1940-47,1
1941-02,1
1941-03,1
1941-04,1
1941-08,2
1941-09,1
1941-13,2
1941-14,2
1941-17,1
1941-24,1
1941-25,1
1941-33,2
1941-35,2
1941-37,1
1941-38,1
1941-39,1
1941-50,1
1941-53,2
1942-01,2
1942-04,1
1942-05,2
1942-08,1
1942-09,2
1942-10,1
1942-11,2
1942-15,3
1942-18,1
1942-19,4
1942-20,1
1942-23,1
1942-25,3
1942-27,1
1942-28,1
1942-30,2
1942-32,1
1942-34,2
1942-36,2
1942-37,1
1942-42,1
1942-43,1
1942-47,1
1943-01,1
1943-03,2
1943-04,1
1943-06,1
1943-07,1
1943-09,1
1943-10,1
1943-13,1
1943-14,1
1943-17,3
1943-20,1
1943-21,2
1943-22,3
1943-24,1
1943-28,2
1943-29,3
1943-30,1
1943-31,2
1943-32,3
1943-33,1
1943-34,1
1943-36,1
1943-37,1
1943-40,1
1943-41,1
1943-42,1
1943-45,3
1943-49,2
1943-50,1
1943-51,1
1944-03,1
1944-04,2
1944-05,1
1944-06,1
1944-07,1
1944-08,2
1944-11,1
1944-12,1
1944-13,1
1944-14,1
1944-18,1
1944-19,1
1944-21,1
1944-22,1
1944-23,1
1944-25,1
1944-26,2
1944-27,1
1944-28,2
1944-30,1
1944-32,1
1944-35,1
1944-37,1
1944-39,2
1944-40,3
1944-43,3
1944-44,1
1944-46,1
1944-49,2
1944-51,1
1945-02,2
1945-03,1
1945-05,2
1945-06,1
1945-07,2
1945-08,1
1945-09,1
1945-10,2
1945-11,2
1945-14,1
1945-17,1
1945-22,1
1945-24,2
1945-25,1
1945-26,2
1945-27,2
1945-30,2
1945-31,2
1945-32,1
1945-34,4
1945-36,1
1945-37,2
1945-38,1
1945-39,1
1945-41,2
1945-42,2
1945-44,2
1945-47,1
1945-50,1
1945-51,1
1946-02,1
1946-05,1
1946-06,1
1946-07,1
1946-08,1
1946-09,1
1946-10,2
1946-11,1
1946-12,3
1946-14,1
1946-15,2
1946-16,1
1946-18,2
1946-19,2
1946-20,1
1946-21,1
1946-23,1
1946-24,1
1946-25,1
1946-26,2
1946-27,3
1946-29,3
1946-31,2
1946-32,1
1946-33,1
1946-34,3
1946-36,2
1946-37,2
1946-39,1
1946-40,2
1946-41,1
1946-43,1
1946-44,1
1946-45,1
1946-46,1
1946-47,2
1946-50,5
1946-51,2
1947-03,3
1947-04,2
1947-06,1
1947-09,2
1947-10,1
1947-12,2
1947-13,2
1947-14,1
1947-15,3
1947-16,1
1947-17,1
1947-18,2
1947-19,4
1947-22,2
1947-24,2
1947-25,1
1947-28,1
1947-29,1
1947-31,2
1947-32,2
1947-33,1
1947-34,1
1947-35,1
1947-36,1
1947-38,3
1947-40,1
1947-41,2
1947-42,2
1947-43,2
1947-44,1
1947-47,3
1947-48,2
1947-50,3
1947-51,1
1947-52,2
1947-53,1
1948-01,1
1948-02,1
1948-03,3
1948-07,3
1948-08,2
1948-10,2
1948-11,1
1948-13,3
1948-15,1
1948-16,3
1948-17,1
1948-18,1
1948-19,1
1948-20,2
1948-26,1
1948-27,3
1948-28,1
1948-29,1
1948-30,1
1948-32,4
1948-34,1
1948-35,1
1948-36,2
1948-38,2
1948-39,1
1948-40,1
1948-45,2
1948-47,3
1948-48,1
1948-49,2
1948-51,3
1948-52,2
1949-01,2
1949-03,1
1949-04,3
1949-05,2
1949-08,1
1949-09,1
1949-10,1
1949-11,1
1949-13,4
1949-14,2
1949-15,1
1949-17,2
1949-18,2
1949-19,3
1949-21,1
1949-23,4
1949-24,3
1949-25,1
1949-27,2
1949-28,2
1949-29,2
1949-30,2
1949-31,3
1949-33,2
1949-34,3
1949-36,1
1949-38,1
1949-39,2
1949-40,1
1949-42,1
1949-43,2
1949-45,2
1949-46,2
1949-47,3
1949-48,1
1949-49,3
1949-50,2
1949-51,1
1949-52,2
1950-02,4
1950-03,1
1950-05,3
1950-06,4
1950-07,2
1950-08,2
1950-10,1
1950-11,2
1950-12,2
1950-13,2
1950-14,1
1950-16,3
1950-17,2
1950-19,2
1950-20,2
1950-22,1
1950-23,1
1950-24,2
1950-25,2
1950-26,3
1950-27,6
1950-28,1
1950-29,6
1950-30,5
1950-31,4
1950-32,3
1950-33,2
1950-34,2
1950-36,3
1950-37,2
1950-38,1
1950-39,1
1950-40,2
1950-41,1
1950-42,1
1950-44,1
1950-45,2
1950-46,4
1950-48,1
1950-49,1
1950-50,1
1950-51,2
1950-52,3
1951-01,2
1951-02,3
1951-03,2
1951-04,2
1951-06,3
1951-09,1
1951-10,1
1951-12,1
1951-14,1
1951-15,1
1951-16,2
1951-17,2
1951-18,1
1951-19,2
1951-20,1
1951-21,1
1951-22,2
1951-24,1
1951-25,2
1951-26,2
1951-27,1
1951-28,3
1951-29,1
1951-30,1
1951-31,1
1951-33,2
1951-34,2
1951-35,2
1951-36,2
1951-37,1
1951-38,2
1951-39,1
1951-40,3
1951-42,5
1951-43,4
1951-44,2
1951-45,1
1951-46,3
1951-47,2
1951-48,1
1951-49,1
1951-51,2
1952-01,1
1952-02,1
1952-03,2
1952-04,2
1952-05,1
1952-06,4
1952-07,4
1952-08,1
1952-09,2
1952-10,3
1952-11,2
1952-13,2
1952-14,3
1952-15,1
1952-17,3
1952-18,2
1952-20,3
1952-21,2
1952-22,2
1952-23,1
1952-24,1
1952-25,2
1952-26,1
1952-28,2
1952-30,1
1952-31,1
1952-32,1
1952-33,1
1952-34,1
1952-36,2
1952-37,1
1952-38,3
1952-39,6
1952-40,2
1952-41,3
1952-44,1
1952-46,2
1952-47,3
1952-48,2
1952-49,2
1952-51,3
1952-52,3
1952-53,3
1953-01,1
1953-02,4
1953-04,1
1953-05,3
1953-06,1
1953-07,1
1953-08,1
1953-09,2
1953-10,1
1953-11,4
1953-12,2
1953-13,1
1953-14,6
1953-15,1
1953-16,3
1953-18,2
1953-19,3
1953-21,1
1953-22,1
1953-23,1
1953-24,1
1953-25,1
1953-26,1
1953-28,2
1953-30,3
1953-31,1
1953-32,1
1953-33,2
1953-34,2
1953-35,3
1953-36,5
1953-37,3
1953-38,2
1953-39,1
1953-40,1
1953-41,1
1953-43,2
1953-44,2
1953-46,2
1953-47,5
1953-50,2
1953-51,2
1954-01,1
1954-02,2
1954-03,1
1954-04,1
1954-05,2
1954-07,2
1954-08,4
1954-09,3
1954-10,1
1954-11,2
1954-12,4
1954-15,4
1954-17,1
1954-19,9
1954-20,1
1954-21,2
1954-23,1
1954-24,1
1954-25,4
1954-26,3
1954-27,2
1954-28,2
1954-29,6
1954-30,1
1954-32,1
1954-35,1
1954-36,2
1954-37,3
1954-38,2
1954-39,1
1954-40,3
1954-41,1
1954-42,5
1954-43,1
1954-44,2
1954-45,2
1954-46,3
1954-48,1
1954-49,3
1954-52,2
1955-01,6
1955-02,3
1955-04,1
1955-05,3
1955-07,2
1955-08,1
1955-09,2
1955-10,2
1955-11,2
1955-12,1
1955-13,1
1955-14,3
1955-15,2
1955-16,1
1955-17,1
1955-18,3
1955-19,1
1955-20,1
1955-21,2
1955-22,2
1955-23,1
1955-24,2
1955-25,1
1955-26,1
1955-27,4
1955-28,2
1955-30,2
1955-31,1
1955-32,3
1955-33,3
1955-34,1
1955-35,4
1955-36,1
1955-37,2
1955-38,3
1955-39,1
1955-40,2
1955-41,3
1955-42,4
1955-45,1
1955-46,3
1955-49,1
1955-50,1
1956-01,1
1956-02,5
1956-03,4
1956-04,7
1956-05,2
1956-07,2
1956-08,3
1956-09,1
1956-10,4
1956-11,1
1956-12,1
1956-13,1
1956-14,4
1956-15,1
1956-16,3
1956-17,2
1956-18,2
1956-19,4
1956-20,4
1956-21,5
1956-22,1
1956-23,3
1956-24,3
1956-25,2
1956-26,3
1956-27,1
1956-29,2
1956-30,1
1956-31,1
1956-32,2
1956-33,5
1956-34,1
1956-35,1
1956-36,1
1956-37,1
1956-38,4
1956-39,2
1956-40,5
1956-42,2
1956-43,1
1956-44,2
1956-45,1
1956-46,3
1956-47,4
1956-48,2
1956-49,1
1956-50,3
1956-51,1
1956-52,2
1957-01,2
1957-02,5
1957-03,3
1957-04,1
1957-05,1
1957-06,1
1957-07,4
1957-08,2
1957-09,4
1957-11,6
1957-12,1
1957-13,1
1957-14,3
1957-15,3
1957-16,1
1957-17,5
1957-18,1
1957-19,5
1957-20,6
1957-22,1
1957-23,3
1957-24,1
1957-25,2
1957-26,1
1957-27,1
1957-28,2
1957-29,2
1957-30,3
1957-31,3
1957-32,3
1957-33,1
1957-35,3
1957-36,3
1957-37,4
1957-39,2
1957-40,5
1957-41,2
1957-43,4
1957-44,2
1957-45,3
1957-46,1
1957-47,3
1957-49,2
1957-51,7
1957-52,2
1958-01,1
1958-02,2
1958-03,2
1958-04,1
1958-05,2
1958-06,1
1958-07,4
1958-08,1
1958-09,1
1958-10,2
1958-11,2
1958-12,1
1958-13,4
1958-14,4
1958-15,2
1958-16,1
1958-17,2
1958-18,5
1958-20,1
1958-21,3
1958-22,3
1958-23,1
1958-24,1
1958-25,2
1958-26,1
1958-27,2
1958-28,5
1958-29,1
1958-30,3
1958-31,1
1958-32,3
1958-33,1
1958-34,3
1958-35,3
1958-36,2
1958-38,3
1958-39,5
1958-40,2
1958-41,3
1958-42,3
1958-44,4
1958-45,3
1958-46,1
1958-47,5
1958-48,2
1958-49,3
1958-50,3
1958-51,2
1958-52,3
1958-53,1
1959-01,5
1959-02,4
1959-03,3
1959-04,1
1959-05,4
1959-06,3
1959-07,3
1959-08,4
1959-09,3
1959-10,8
1959-11,2
1959-12,2
1959-13,4
1959-14,3
1959-15,1
1959-16,2
1959-17,2
1959-18,2
1959-19,3
1959-20,2
1959-21,3
1959-22,1
1959-23,2
1959-24,2
1959-25,2
1959-26,1
1959-27,3
1959-28,1
1959-29,1
1959-30,6
1959-32,3
1959-33,2
1959-34,2
1959-35,2
1959-36,3
1959-37,1
1959-38,4
1959-39,2
1959-40,1
1959-42,6
1959-43,4
1959-44,2
1959-46,6
1959-47,4
1959-48,2
1959-49,4
1959-50,1
1959-51,5
1959-52,8
1960-01,1
1960-02,4
1960-03,2
1960-04,4
1960-05,3
1960-06,5
1960-07,6
1960-08,1
1960-09,2
1960-10,2
1960-12,5
1960-13,1
1960-15,4
1960-16,3
1960-17,3
1960-18,1
1960-19,6
1960-20,3
1960-21,3
1960-22,2
1960-23,5
1960-24,2
1960-25,1
1960-26,3
1960-27,3
1960-28,2
1960-29,2
1960-30,3
1960-31,3
1960-32,4
1960-33,3
1960-34,3
1960-35,3
1960-36,2
1960-37,1
1960-38,4
1960-39,3
1960-40,2
1960-42,1
1960-43,1
1960-44,3
1960-45,4
1960-46,7
1960-47,2
1960-48,3
1960-49,3
1960-50,2
1960-51,4
1960-52,2
1961-01,3
1961-02,1
1961-03,1
1961-04,3
1961-05,4
1961-06,1
1961-07,3
1961-08,2
1961-09,2
1961-10,2
1961-11,3
1961-12,3
1961-13,1
1961-14,3
1961-15,3
1961-16,3
1961-17,2
1961-18,3
1961-19,2
1961-20,4
1961-22,3
1961-23,3
1961-24,3
1961-25,1
1961-26,5
1961-27,2
1961-28,1
1961-29,2
1961-30,1
1961-31,2
1961-32,1
1961-33,4
1961-34,5
1961-35,2
1961-36,4
1961-37,3
1961-38,2
1961-39,5
1961-40,4
1961-41,2
1961-42,4
1961-43,1
1961-44,4
1961-45,1
1961-46,1
1961-47,4
1961-48,1
1961-49,5
1961-50,4
1961-51,3
1961-52,7
1962-01,4
1962-02,3
1962-03,7
1962-04,3
1962-05,6
1962-06,3
1962-07,4
1962-08,4
1962-09,2
1962-11,2
1962-12,1
1962-14,3
1962-15,4
1962-16,3
1962-17,3
1962-18,2
1962-19,5
1962-20,3
1962-22,2
1962-23,1
1962-24,4
1962-25,4
1962-26,3
1962-27,6
1962-28,2
1962-29,2
1962-30,1
1962-31,2
1962-32,2
1962-33,3
1962-34,6
1962-35,6
1962-36,3
1962-37,4
1962-38,4
1962-39,2
1962-40,7
1962-41,2
1962-42,2
1962-43,2
1962-44,8
1962-45,6
1962-46,2
1962-47,2
1962-48,2
1962-49,1
1962-51,2
1962-52,1
1963-01,4
1963-02,5
1963-03,3
1963-04,2
1963-06,2
1963-07,3
1963-08,4
1963-09,3
1963-10,3
1963-11,3
1963-12,7
1963-13,4
1963-14,2
1963-15,4
1963-17,4
1963-18,7
1963-19,3
1963-20,3
1963-21,4
1963-22,3
1963-23,3
1963-24,2
1963-25,3
1963-26,3
1963-27,1
1963-28,6
1963-29,5
1963-30,5
1963-31,4
1963-32,2
1963-33,8
1963-34,3
1963-35,1
1963-36,5
1963-37,2
1963-38,3
1963-39,7
1963-40,4
1963-41,3
1963-42,2
1963-43,1
1963-44,5
1963-45,2
1963-46,4
1963-47,3
1963-48,4
1963-49,7
1963-50,3
1963-51,2
1963-52,2
1964-01,3
1964-02,3
1964-03,2
1964-04,4
1964-05,3
1964-06,4
1964-07,5
1964-08,3
1964-09,4
1964-10,6
1964-11,4
1964-12,1
1964-13,2
1964-14,2
1964-15,5
1964-16,5
1964-17,6
1964-18,3
1964-19,2
1964-20,2
1964-21,5
1964-22,4
1964-24,4
1964-25,5
1964-26,4
1964-27,3
1964-28,3
1964-29,5
1964-30,5
1964-31,3
1964-32,3
1964-33,1
1964-34,1
1964-35,3
1964-36,3
1964-37,2
1964-38,4
1964-39,5
1964-40,2
1964-41,3
1964-42,1
1964-43,4
1964-44,4
1964-45,4
1964-46,1
1964-47,4
1964-48,1
1964-49,1
1964-50,2
1964-52,4
1964-53,5
1965-01,5
1965-02,1
1965-03,2
1965-04,1
1965-05,6
1965-06,3
1965-07,4
1965-08,3
1965-09,7
1965-10,6
1965-11,2
1965-12,2
1965-14,5
1965-15,4
1965-16,7
1965-17,3
1965-18,2
1965-19,5
1965-20,3
1965-21,5
1965-22,2
1965-23,2
1965-24,4
1965-25,5
1965-26,4
1965-27,6
1965-28,3
1965-29,3
1965-30,1
1965-31,3
1965-32,2
1965-33,2
1965-34,2
1965-35,4
1965-36,2
1965-37,5
1965-38,3
1965-39,3
1965-40,7
1965-41,1
1965-42,3
1965-43,2
1965-44,3
1965-45,3
1965-46,2
1965-47,3
1965-48,1
1965-49,4
1965-50,3
1965-51,3
1965-52,6
1966-01,3
1966-02,3
1966-03,5
1966-04,7
1966-05,4
1966-06,2
1966-07,2
1966-08,4
1966-09,4
1966-10,3
1966-11,4
1966-12,3
1966-13,3
1966-14,4
1966-15,9
1966-16,5
1966-17,2
1966-18,3
1966-19,1
1966-20,7
1966-22,2
1966-23,2
1966-24,7
1966-25,1
1966-26,1
1966-27,1
1966-28,2
1966-29,2
1966-30,1
1966-31,5
1966-32,5
1966-33,4
1966-35,6
1966-37,5
1966-38,4
1966-39,5
1966-40,6
1966-41,4
1966-42,5
1966-43,3
1966-44,3
1966-45,3
1966-46,3
1966-47,6
1966-49,3
1966-50,1
1966-51,2
1966-52,2
1967-01,5
1967-02,7
1967-03,6
1967-04,4
1967-05,2
1967-06,2
1967-07,6
1967-08,4
1967-09,3
1967-10,4
1967-11,1
1967-12,4
1967-13,5
1967-14,4
1967-15,1
1967-16,6
1967-17,5
1967-18,2
1967-19,4
1967-20,1
1967-21,2
1967-22,1
1967-23,5
1967-24,7
1967-25,2
1967-26,3
1967-27,8
1967-28,5
1967-29,2
1967-30,10
1967-31,3
1967-32,2
1967-33,1
1967-34,2
1967-35,4
1967-36,6
1967-37,4
1967-38,2
1967-39,5
1967-40,2
1967-41,2
1967-42,3
1967-43,4
1967-44,1
1967-45,3
1967-46,5
1967-47,4
1967-48,4
1967-49,1
1967-50,3
1967-51,3
1967-52,4
1968-01,2
1968-02,5
1968-03,7
1968-04,5
1968-05,1
1968-06,2
1968-07,1
1968-08,4
1968-09,4
1968-10,3
1968-11,3
1968-12,1
1968-13,9
1968-14,5
1968-15,5
1968-16,3
1968-17,5
1968-18,8
1968-19,6
1968-20,5
1968-21,4
1968-22,6
1968-23,3
1968-24,3
1968-25,3
1968-26,2
1968-27,3
1968-28,4
1968-29,6
1968-30,2
1968-31,7
1968-32,2
1968-33,2
1968-34,12
1968-35,4
1968-36,2
1968-37,4
1968-38,6
1968-39,4
1968-40,1
1968-41,5
1968-42,5
1968-43,5
1968-44,7
1968-45,5
1968-46,2
1968-48,4
1968-49,2
1968-50,3
1968-51,4
1968-52,1
1969-01,1
1969-02,5
1969-03,5
1969-04,4
1969-05,1
1969-06,2
1969-07,5
1969-08,6
1969-09,3
1969-10,3
1969-11,3
1969-12,1
1969-13,6
1969-14,1
1969-15,1
1969-16,1
1969-17,4
1969-18,6
1969-19,4
1969-20,4
1969-21,6
1969-22,3
1969-23,2
1969-24,3
1969-25,1
1969-26,3
1969-27,7
1969-28,3
1969-30,7
1969-31,3
1969-32,3
1969-33,4
1969-35,1
1969-36,3
1969-37,4
1969-38,2
1969-39,3
1969-40,2
1969-41,4
1969-42,7
1969-43,2
1969-44,2
1969-45,2
1969-46,2
1969-47,5
1969-48,5
1969-49,5
1969-50,2
1969-51,3
1969-52,3
1969-53,1
1970-01,3
1970-02,4
1970-03,6
1970-04,5
1970-05,2
1970-06,5
1970-07,5
1970-08,3
1970-09,1
1970-10,2
1970-11,5
1970-12,3
1970-13,5
1970-14,4
1970-15,4
1970-16,1
1970-17,1
1970-18,1
1970-19,4
1970-20,5
1970-21,5
1970-22,5
1970-23,4
1970-24,1
1970-25,1
1970-26,2
1970-27,4
1970-28,5
1970-29,5
1970-30,2
1970-31,4
1970-32,6
1970-33,4
1970-34,7
1970-35,6
1970-36,9
1970-37,6
1970-38,5
1970-39,3
1970-40,7
1970-41,7
1970-42,4
1970-43,2
1970-44,9
1970-45,3
1970-46,2
1970-47,2
1970-48,2
1970-49,6
1970-50,3
1970-51,5
1970-52,8
1971-01,2
1971-02,6
1971-03,6
1971-04,5
1971-05,3
1971-06,2
1971-07,4
1971-08,5
1971-09,2
1971-10,6
1971-11,2
1971-12,2
1971-13,2
1971-14,8
1971-15,2
1971-16,5
1971-17,4
1971-18,6
1971-19,4
1971-20,4
1971-21,4
1971-23,3
1971-24,4
1971-25,2
1971-26,2
1971-27,2
1971-28,3
1971-29,1
1971-30,6
1971-31,3
1971-32,6
1971-33,6
1971-34,5
1971-35,2
1971-36,3
1971-37,4
1971-38,5
1971-39,2
1971-40,5
1971-41,4
1971-42,5
1971-43,4
1971-44,2
1971-45,2
1971-46,6
1971-47,3
1971-48,6
1971-49,4
1971-50,3
1971-51,4
1971-52,2
1972-01,6
1972-02,3
1972-03,3
1972-04,2
1972-05,4
1972-06,4
1972-07,7
1972-08,2
1972-09,4
1972-10,4
1972-11,2
1972-12,4
1972-13,4
1972-14,3
1972-15,3
1972-16,5
1972-17,2
1972-18,6
1972-19,5
1972-20,2
1972-21,6
1972-22,2
1972-23,7
1972-24,3
1972-25,6
1972-26,4
1972-27,7
1972-28,4
1972-29,3
1972-30,5
1972-31,7
1972-32,4
1972-33,2
1972-34,7
1972-35,7
1972-36,1
1972-37,4
1972-38,7
1972-39,3
1972-40,3
1972-41,6
1972-42,3
1972-43,5
1972-44,2
1972-45,8
1972-46,5
1972-47,2
1972-48,4
1972-49,3
1972-50,3
1972-51,3
1972-52,5
1973-01,5
1973-02,3
1973-03,5
1973-04,4
1973-05,4
1973-06,1
1973-07,7
1973-08,4
1973-09,1
1973-10,5
1973-11,4
1973-12,3
1973-13,6
1973-14,4
1973-15,7
1973-16,7
1973-17,3
1973-18,4
1973-19,2
1973-20,3
1973-21,2
1973-22,2
1973-23,7
1973-24,8
1973-25,3
1973-26,5
1973-27,3
1973-28,4
1973-29,8
1973-30,3
1973-31,1
1973-32,5
1973-33,9
1973-34,6
1973-35,3
1973-36,10
1973-37,6
1973-38,6
1973-39,6
1973-40,3
1973-41,5
1973-42,5
1973-43,5
1973-45,3
1973-47,3
1973-48,5
1973-49,2
1973-50,4
1973-51,4
1973-52,7
1974-01,6
1974-02,7
1974-03,3
1974-04,4
1974-05,5
1974-06,4
1974-07,4
1974-08,1
1974-09,2
1974-10,6
1974-11,6
1974-12,5
1974-13,7
1974-14,1
1974-15,3
1974-16,5
1974-17,6
1974-18,1
1974-19,9
1974-20,2
1974-21,4
1974-22,2
1974-23,4
1974-24,3
1974-25,3
1974-26,2
1974-27,5
1974-29,5
1974-30,11
1974-31,7
1974-32,9
1974-33,6
1974-34,3
1974-35,1
1974-36,7
1974-37,5
1974-38,4
1974-39,6
1974-40,1
1974-41,1
1974-42,2
1974-43,5
1974-44,5
1974-45,4
1974-46,2
1974-47,3
1974-48,3
1974-49,4
1974-50,5
1974-51,4
1974-52,6
1975-01,5
1975-02,5
1975-03,4
1975-04,5
1975-05,5
1975-06,3
1975-07,9
1975-08,1
1975-09,5
1975-10,5
1975-11,3
1975-12,7
1975-13,3
1975-14,6
1975-15,5
1975-16,6
1975-17,3
1975-18,3
1975-19,7
1975-20,6
1975-21,4
1975-22,4
1975-23,4
1975-24,4
1975-25,3
1975-26,6
1975-27,7
1975-28,4
1975-29,2
1975-30,1
1975-31,2
1975-32,2
1975-33,6
1975-34,6
1975-35,3
1975-36,4
1975-37,2
1975-38,9
1975-39,6
1975-40,4
1975-41,5
1975-42,4
1975-43,7
1975-44,2
1975-45,2
1975-46,4
1975-47,5
1975-48,3
1975-49,7
1975-50,4
1975-51,6
1975-52,8
1975-53,5
1976-01,2
1976-02,2
1976-03,5
1976-04,4
1976-05,5
1976-06,2
1976-07,5
1976-08,6
1976-09,3
1976-10,4
1976-11,3
1976-12,2
1976-13,6
1976-14,10
1976-15,4
1976-16,3
1976-17,5
1976-18,6
1976-19,4
1976-20,7
1976-21,3
1976-22,2
1976-23,2
1976-24,4
1976-25,9
1976-26,3
1976-27,1
1976-28,3
1976-29,9
1976-30,3
1976-31,4
1976-32,2
1976-33,2
1976-34,10
1976-35,7
1976-36,3
1976-37,4
1976-38,5
1976-39,7
1976-40,2
1976-41,5
1976-42,6
1976-43,3
1976-44,9
1976-45,5
1976-46,7
1976-47,7
1976-48,7
1976-49,10
1976-50,4
1976-51,7
1976-52,7
1977-01,3
1977-02,7
1977-03,2
1977-04,6
1977-05,4
1977-06,5
1977-07,4
1977-08,2
1977-09,5
1977-10,3
1977-11,3
1977-12,2
1977-13,3
1977-14,7
1977-15,8
1977-16,6
1977-17,5
1977-18,3
1977-19,9
1977-20,6
1977-21,3
1977-22,2
1977-23,3
1977-24,1
1977-25,4
1977-26,7
1977-27,2
1977-28,5
1977-29,6
1977-30,2
1977-31,9
1977-32,7
1977-33,4
1977-34,4
1977-35,3
1977-36,5
1977-37,2
1977-38,3
1977-39,1
1977-40,2
1977-41,6
1977-43,3
1977-44,8
1977-45,5
1977-46,8
1977-47,6
1977-48,7
1977-49,2
1977-50,3
1977-51,3
1977-52,2
1978-01,4
1978-02,3
1978-03,5
1978-04,8
1978-05,5
1978-06,2
1978-07,7
1978-08,4
1978-09,8
1978-10,4
1978-11,5
1978-12,3
1978-13,8
1978-14,5
1978-15,4
1978-16,4
1978-17,7
1978-18,3
1978-19,6
1978-20,1
1978-21,6
1978-22,6
1978-23,5
1978-24,8
1978-25,2
1978-26,2
1978-27,12
1978-28,1
1978-29,9
1978-30,7
1978-31,5
1978-32,3
1978-33,3
1978-34,6
1978-35,7
1978-36,8
1978-37,6
1978-38,6
1978-39,7
1978-40,6
1978-41,4
1978-42,7
1978-43,4
1978-44,1
1978-45,9
1978-46,7
1978-47,4
1978-48,6
1978-49,5
1978-50,5
1978-51,7
1978-52,6
1979-01,2
1979-02,1
1979-03,5
1979-04,4
1979-05,6
1979-06,7
1979-07,6
1979-08,10
1979-09,7
1979-10,5
1979-11,5
1979-12,5
1979-13,5
1979-14,5
1979-15,4
1979-16,3
1979-17,9
1979-18,5
1979-19,4
1979-20,2
1979-21,4
1979-22,9
1979-23,7
1979-24,3
1979-25,6
1979-26,6
1979-27,4
1979-28,3
1979-29,4
1979-30,12
1979-31,6
1979-32,3
1979-33,3
1979-34,3
1979-35,4
1979-36,6
1979-37,4
1979-38,4
1979-39,4
1979-40,6
1979-41,6
1979-42,2
1979-43,3
1979-44,4
1979-46,3
1979-47,2
1979-48,6
1979-49,5
1979-50,1
1979-51,2
1979-52,4
1980-01,2
1980-02,3
1980-03,5
1980-04,6
1980-05,6
1980-06,5
1980-07,3
1980-08,4
1980-09,6
1980-10,6
1980-11,2
1980-12,2
1980-13,5
1980-14,9
1980-15,5
1980-16,7
1980-17,6
1980-18,10
1980-19,8
1980-20,5
1980-21,1
1980-22,7
1980-23,6
1980-24,8
1980-25,5
1980-26,7
1980-27,6
1980-28,5
1980-29,6
1980-30,6
1980-31,8
1980-32,4
1980-33,5
1980-34,3
1980-35,4
1980-36,7
1980-37,3
1980-38,6
1980-39,3
1980-40,8
1980-41,5
1980-42,6
1980-43,2
1980-44,6
1980-45,8
1980-46,4
1980-47,3
1980-48,3
1980-49,4
1980-50,4
1980-51,11
1980-52,4
1980-53,5
1981-01,6
1981-02,8
1981-03,3
1981-04,4
1981-05,5
1981-06,6
1981-07,5
1981-08,6
1981-09,6
1981-10,5
1981-11,11
1981-12,5
1981-13,6
1981-14,4
1981-15,6
1981-16,7
1981-17,4
1981-18,5
1981-19,6
1981-20,3
1981-22,8
1981-23,6
1981-24,7
1981-25,5
1981-26,2
1981-27,9
1981-28,8
1981-29,8
1981-30,7
1981-31,5
1981-32,11
1981-33,4
1981-34,4
1981-35,2
1981-36,7
1981-37,6
1981-38,12
1981-39,5
1981-40,6
1981-41,5
1981-42,4
1981-43,3
1981-44,5
1981-45,6
1981-46,3
1981-47,6
1981-48,6
1981-49,11
1981-50,5
1981-51,4
1981-52,3
1982-01,11
1982-02,7
1982-03,5
1982-04,5
1982-05,9
1982-06,6
1982-07,6
1982-08,3
1982-09,4
1982-10,8
1982-11,7
1982-12,8
1982-13,6
1982-14,5
1982-15,1
1982-16,9
1982-17,3
1982-18,5
1982-19,4
1982-20,6
1982-21,5
1982-22,7
1982-23,7
1982-24,3
1982-25,6
1982-26,6
1982-27,7
1982-28,7
1982-29,6
1982-30,7
1982-31,5
1982-32,6
1982-33,8
1982-34,4
1982-35,6
1982-36,5
1982-37,10
1982-38,4
1982-39,5
1982-40,4
1982-41,6
1982-42,4
1982-43,7
1982-44,6
1982-45,5
1982-46,7
1982-47,7
1982-48,8
1982-49,3
1982-50,7
1982-51,6
1982-52,4
1983-01,5
1983-02,6
1983-03,5
1983-04,5
1983-05,6
1983-06,6
1983-07,8
1983-08,9
1983-09,6
1983-10,4
1983-11,5
1983-12,7
1983-13,5
1983-14,9
1983-15,10
1983-16,2
1983-17,8
1983-18,3
1983-19,7
1983-20,1
1983-21,7
1983-22,6
1983-23,9
1983-24,3
1983-25,7
1983-26,9
1983-27,6
1983-28,2
1983-29,4
1983-30,5
1983-31,7
1983-32,4
1983-33,5
1983-34,6
1983-35,4
1983-36,7
1983-37,9
1983-38,7
1983-39,9
1983-40,7
1983-41,6
1983-42,9
1983-43,4
1983-44,6
1983-45,4
1983-46,6
1983-47,4
1983-48,6
1983-49,6
1983-50,3
1983-51,7
1983-52,3
1984-01,4
1984-02,4
1984-03,5
1984-04,8
1984-05,4
1984-06,2
1984-07,7
1984-08,6
1984-09,5
1984-10,10
1984-11,5
1984-12,5
1984-13,3
1984-14,6
1984-15,3
1984-16,7
1984-17,6
1984-18,3
1984-19,5
1984-20,4
1984-21,5
1984-22,7
1984-23,5
1984-24,7
1984-25,5
1984-26,6
1984-27,5
1984-28,8
1984-29,8
1984-30,8
1984-31,4
1984-32,6
1984-33,5
1984-34,5
1984-35,3
1984-36,4
1984-37,5
1984-38,7
1984-39,10
1984-40,4
1984-41,4
1984-42,6
1984-43,2
1984-44,5
1984-45,7
1984-46,6
1984-47,4
1984-48,12
1984-49,4
1984-50,5
1984-51,3
1984-52,4
1985-01,2
1985-02,7
1985-03,7
1985-04,3
1985-05,8
1985-06,8
1985-07,6
1985-08,2
1985-09,8
1985-10,3
1985-11,1
1985-12,7
1985-13,5
1985-14,6
1985-15,2
1985-16,5
1985-17,6
1985-18,4
1985-19,4
1985-20,9
1985-21,3
1985-22,2
1985-23,4
1985-24,6
1985-25,8
1985-26,8
1985-27,8
1985-28,6
1985-29,3
1985-30,8
1985-31,6
1985-32,1
1985-33,3
1985-34,8
1985-35,9
1985-36,14
1985-37,2
1985-38,3
1985-39,6
1985-41,2
1985-42,8
1985-43,5
1985-44,4
1985-45,6
1985-46,5
1985-47,4
1985-48,4
1985-49,6
1985-50,6
1985-51,1
1985-52,2
1986-01,4
1986-02,6
1986-03,2
1986-04,6
1986-05,11
1986-06,6
1986-07,6
1986-08,11
1986-09,8
1986-10,4
1986-11,8
1986-12,10
1986-13,4
1986-14,4
1986-15,8
1986-16,8
1986-17,5
1986-18,9
1986-19,3
1986-20,5
1986-21,6
1986-22,2
1986-23,8
1986-24,5
1986-25,7
1986-26,10
1986-27,5
1986-28,6
1986-29,7
1986-30,3
1986-31,13
1986-32,5
1986-33,14
1986-34,9
1986-35,5
1986-36,5
1986-37,7
1986-38,5
1986-39,9
1986-40,6
1986-41,5
1986-42,5
1986-43,5
1986-44,4
1986-45,5
1986-46,5
1986-47,7
1986-48,11
1986-49,8
1986-50,3
1986-51,6
1986-52,3
1986-53,3
1987-01,3
1987-02,6
1987-03,7
1987-04,5
1987-05,4
1987-06,8
1987-07,4
1987-08,6
1987-09,5
1987-10,4
1987-11,1
1987-12,6
1987-13,5
1987-14,3
1987-15,7
1987-16,5
1987-17,7
1987-18,7
1987-19,5
1987-20,8
1987-21,8
1987-22,4
1987-23,2
1987-24,3
1987-25,4
1987-26,6
1987-27,6
1987-28,1
1987-29,5
1987-30,6
1987-31,8
1987-32,2
1987-33,6
1987-34,7
1987-35,2
1987-36,6
1987-37,4
1987-38,2
1987-39,3
1987-40,3
1987-41,8
1987-42,11
1987-43,6
1987-44,6
1987-45,5
1987-46,6
1987-47,5
1987-48,5
1987-49,1
1987-50,7
1987-51,7
1987-52,9
1988-01,6
1988-02,7
1988-03,5
1988-04,6
1988-05,5
1988-06,4
1988-07,6
1988-08,5
1988-09,11
1988-10,4
1988-11,2
1988-12,5
1988-13,12
1988-14,3
1988-15,11
1988-16,1
1988-17,8
1988-18,6
1988-19,3
1988-20,6
1988-21,3
1988-22,7
1988-23,5
1988-24,2
1988-25,6
1988-26,8
1988-27,2
1988-28,5
1988-29,6
1988-30,6
1988-31,1
1988-32,5
1988-33,4
1988-34,2
1988-35,7
1988-36,5
1988-37,4
1988-38,9
1988-39,5
1988-40,3
1988-41,2
1988-42,7
1988-43,6
1988-44,7
1988-45,4
1988-46,7
1988-47,7
1988-48,5
1988-49,2
1988-50,6
1988-51,2
1988-52,9
1989-01,5
1989-02,6
1989-03,10
1989-04,4
1989-05,6
1989-06,6
1989-07,5
1989-08,14
1989-09,8
1989-10,4
1989-11,2
1989-12,7
1989-13,6
1989-14,4
1989-15,5
1989-16,4
1989-17,6
1989-18,4
1989-19,6
1989-20,15
1989-21,6
1989-22,3
1989-23,7
1989-24,5
1989-25,6
1989-26,5
1989-27,4
1989-28,5
1989-29,8
1989-30,9
1989-31,4
1989-32,11
1989-33,11
1989-34,1
1989-35,11
1989-36,9
1989-37,6
1989-38,4
1989-39,7
1989-40,5
1989-41,6
1989-42,4
1989-43,6
1989-44,11
1989-45,8
1989-46,6
1989-47,11
1989-48,9
1989-49,2
1989-50,5
1989-51,6
1989-52,9
1990-01,4
1990-02,5
1990-03,4
1990-04,4
1990-05,3
1990-06,5
1990-07,2
1990-08,7
1990-09,5
1990-10,5
1990-11,5
1990-12,8
1990-13,1
1990-14,7
1990-15,5
1990-16,6
1990-17,7
1990-18,5
1990-19,4
1990-20,5
1990-21,7
1990-22,5
1990-24,7
1990-25,7
1990-26,9
1990-27,9
1990-28,2
1990-29,6
1990-30,6
1990-31,10
1990-32,8
1990-33,5
1990-34,3
1990-35,10
1990-36,4
1990-37,5
1990-38,6
1990-39,3
1990-40,4
1990-41,2
1990-42,4
1990-43,5
1990-44,4
1990-45,3
1990-46,5
1990-47,6
1990-48,3
1990-49,4
1990-50,5
1990-51,4
1990-52,8
1991-01,4
1991-02,4
1991-03,6
1991-04,6
1991-05,3
1991-06,4
1991-07,5
1991-08,12
1991-09,7
1991-10,5
1991-11,4
1991-12,7
1991-13,5
1991-14,4
1991-15,4
1991-16,3
1991-17,9
1991-18,5
1991-19,5
1991-20,5
1991-21,4
1991-22,4
1991-23,6
1991-24,3
1991-25,9
1991-26,4
1991-27,6
1991-28,7
1991-29,4
1991-30,6
1991-31,4
1991-32,6
1991-33,6
1991-34,7
1991-35,4
1991-36,1
1991-37,7
1991-38,5
1991-39,4
1991-40,9
1991-41,8
1991-42,3
1991-43,6
1991-44,3
1991-45,6
1991-46,6
1991-47,5
1991-48,6
1991-49,7
1991-50,5
1991-51,3
1991-52,2
1992-01,7
1992-02,3
1992-03,5
1992-04,7
1992-05,7
1992-06,8
1992-07,5
1992-08,8
1992-09,12
1992-10,2
1992-11,5
1992-12,5
1992-13,4
1992-14,9
1992-15,7
1992-16,5
1992-17,6
1992-18,8
1992-19,3
1992-20,9
1992-21,8
1992-22,6
1992-23,3
1992-24,7
1992-25,5
1992-26,11
1992-27,7
1992-28,4
1992-29,5
1992-30,6
1992-31,5
1992-32,4
1992-33,2
1992-34,7
1992-35,5
1992-36,7
1992-37,4
1992-38,5
1992-39,10
1992-40,6
1992-41,9
1992-42,6
1992-43,3
1992-44,9
1992-45,7
1992-46,6
1992-47,9
1992-48,6
1992-49,5
1992-50,6
1992-51,5
1992-52,6
1992-53,6
1993-01,4
1993-02,6
1993-03,4
1993-04,6
1993-05,5
1993-06,11
1993-07,8
1993-08,7
1993-09,8
1993-10,8
1993-11,7
1993-12,2
1993-13,7
1993-14,7
1993-15,11
1993-16,8
1993-17,6
1993-18,3
1993-19,6
1993-20,6
1993-21,2
1993-22,5
1993-23,2
1993-24,10
1993-25,6
1993-26,7
1993-27,7
1993-28,6
1993-29,9
1993-30,5
1993-31,5
1993-32,5
1993-33,5
1993-34,9
1993-35,4
1993-36,3
1993-37,9
1993-38,8
1993-39,8
1993-40,3
1993-41,3
1993-42,5
1993-43,7
1993-44,5
1993-45,5
1993-46,4
1993-47,5
1993-48,4
1993-49,5
1993-50,11
1993-51,5
1993-52,8
1994-01,9
1994-02,4
1994-03,5
1994-04,4
1994-05,13
1994-06,6
1994-07,3
1994-08,9
1994-09,10
1994-10,5
1994-11,4
1994-12,7
1994-13,6
1994-14,4
1994-15,5
1994-16,6
1994-17,9
1994-18,11
1994-19,8
1994-20,4
1994-21,10
1994-22,2
1994-23,10
1994-24,7
1994-25,10
1994-26,7
1994-27,4
1994-28,2
1994-29,5
1994-30,8
1994-31,7
1994-32,2
1994-33,9
1994-34,2
1994-35,2
1994-36,6
1994-37,3
1994-38,10
1994-39,9
1994-40,7
1994-41,9
1994-42,9
1994-43,7
1994-44,5
1994-45,3
1994-46,6
1994-47,4
1994-48,7
1994-49,6
1994-50,8
1994-51,8
1994-52,3
1995-01,6
1995-02,6
1995-03,5
1995-04,1
1995-05,2
1995-06,2
1995-07,6
1995-08,4
1995-09,6
1995-10,4
1995-11,7
1995-12,5
1995-13,2
1995-14,5
1995-15,4
1995-16,10
1995-17,9
1995-18,9
1995-19,3
1995-20,6
1995-21,5
1995-22,8
1995-23,7
1995-24,9
1995-25,11
1995-26,3
1995-27,8
1995-28,8
1995-29,3
1995-30,6
1995-31,5
1995-32,6
1995-33,7
1995-34,6
1995-35,7
1995-36,7
1995-37,7
1995-38,8
1995-39,5
1995-40,7
1995-41,11
1995-42,3
1995-43,10
1995-44,3
1995-45,6
1995-46,6
1995-47,7
1995-48,6
1995-49,7
1995-50,5
1995-51,4
1995-52,5
1996-01,9
1996-03,6
1996-04,4
1996-05,7
1996-06,2
1996-07,11
1996-08,8
1996-09,7
1996-10,9
1996-11,7
1996-12,8
1996-13,8
1996-14,10
1996-15,6
1996-16,5
1996-17,4
1996-18,7
1996-19,11
1996-20,3
1996-21,7
1996-22,4
1996-23,7
1996-24,9
1996-25,6
1996-26,8
1996-27,6
1996-28,9
1996-29,11
1996-30,10
1996-31,6
1996-32,1
1996-33,9
1996-34,7
1996-35,4
1996-36,2
1996-37,8
1996-38,6
1996-39,3
1996-40,11
1996-41,7
1996-42,10
1996-43,3
1996-44,6
1996-45,4
1996-46,6
1996-47,6
1996-48,4
1996-49,7
1996-50,6
1996-51,6
1996-52,8
1997-01,6
1997-02,9
1997-03,7
1997-04,2
1997-05,10
1997-06,4
1997-07,7
1997-08,13
1997-09,8
1997-10,6
1997-11,5
1997-12,6
1997-13,10
1997-14,8
1997-15,6
1997-16,8
1997-17,6
1997-18,8
1997-19,5
1997-20,8
1997-21,7
1997-22,7
1997-23,7
1997-24,10
1997-25,5
1997-26,4
1997-27,9
1997-28,7
1997-29,7
1997-30,2
1997-31,5
1997-32,5
1997-33,8
1997-34,2
1997-35,5
1997-36,4
1997-37,4
1997-38,11
1997-39,8
1997-40,4
1997-41,7
1997-42,8
1997-43,9
1997-44,7
1997-45,3
1997-46,5
1997-47,3
1997-48,2
1997-49,8
1997-50,16
1997-51,7
1997-52,5
1997-53,5
1998-01,3
1998-02,9
1998-03,5
1998-04,5
1998-05,3
1998-06,8
1998-07,4
1998-08,11
1998-09,5
1998-10,1
1998-11,8
1998-12,5
1998-13,6
1998-14,7
1998-15,9
1998-16,7
1998-17,4
1998-18,7
1998-19,5
1998-20,6
1998-21,4
1998-22,5
1998-23,9
1998-24,5
1998-25,6
1998-26,5
1998-27,8
1998-28,4
1998-29,1
1998-30,3
1998-31,8
1998-32,5
1998-33,2
1998-34,3
1998-35,3
1998-36,12
1998-37,7
1998-38,9
1998-39,10
1998-40,7
1998-41,7
1998-42,9
1998-43,5
1998-44,4
1998-45,5
1998-46,5
1998-47,3
1998-48,8
1998-49,7
1998-50,9
1998-51,10
1998-52,4
1999-01,6
1999-02,7
1999-03,3
1999-04,10
1999-05,4
1999-06,5
1999-07,5
1999-08,6
1999-09,7
1999-10,1
1999-11,5
1999-12,3
1999-13,4
1999-14,5
1999-15,3
1999-16,7
1999-17,8
1999-18,4
1999-19,7
1999-20,6
1999-21,8
1999-22,4
1999-23,4
1999-24,7
1999-25,5
1999-26,3
1999-27,1
1999-28,1
1999-29,10
1999-30,4
1999-31,4
1999-32,5
1999-33,2
1999-34,7
1999-35,5
1999-36,5
1999-37,5
1999-38,1
1999-39,9
1999-40,3
1999-41,2
1999-42,2
1999-43,2
1999-44,7
1999-45,4
1999-46,6
1999-47,1
1999-48,2
1999-50,3
1999-51,5
1999-52,3
2000-01,4
2000-02,1
2000-03,6
2000-04,2
2000-05,10
2000-06,3
2000-07,9
2000-08,7
2000-09,8
2000-10,3
2000-11,2
2000-12,8
2000-13,4
2000-14,2
2000-15,6
2000-16,5
2000-17,5
2000-18,4
2000-19,3
2000-20,7
2000-21,8
2000-22,7
2000-23,1
2000-24,5
2000-25,2
2000-26,5
2000-27,4
2000-28,10
2000-29,4
2000-30,5
2000-31,4
2000-32,1
2000-33,8
2000-34,5
2000-35,2
2000-36,3
2000-37,2
2000-38,9
2000-39,4
2000-40,5
2000-41,3
2000-42,4
2000-43,4
2000-44,6
2000-45,4
2000-46,5
2000-47,3
2000-49,3
2000-50,4
2000-51,3
2000-52,3
2001-01,7
2001-02,4
2001-03,4
2001-04,11
2001-05,7
2001-06,8
2001-07,10
2001-08,9
2001-09,8
2001-10,9
2001-11,12
2001-12,12
2001-13,10
2001-14,8
2001-15,13
2001-16,13
2001-17,16
2001-18,10
2001-19,17
2001-20,10
2001-21,14
2001-22,8
2001-23,11
2001-24,10
2001-25,5
2001-26,4
2001-27,6
2001-28,4
2001-29,5
2001-30,2
2001-31,10
2001-32,9
2001-33,4
2001-34,3
2001-35,6
2001-36,5
2001-37,4
2001-38,2
2001-39,4
2001-40,6
2001-41,4
2001-42,4
2001-43,6
2001-44,4
2001-45,3
2001-46,7
2001-47,4
2001-48,6
2001-49,2
2001-50,3
2001-51,7
2001-52,5
2002-01,9
2002-02,4
2002-03,2
2002-04,4
2002-05,4
2002-06,5
2002-07,8
2002-08,9
2002-09,9
2002-10,5
2002-11,8
2002-12,10
2002-13,8
2002-14,9
2002-15,6
2002-16,13
2002-17,8
2002-18,14
2002-19,3
2002-20,8
2002-21,4
2002-22,6
2002-23,4
2002-24,2
2002-25,9
2002-26,5
2002-27,3
2002-28,5
2002-29,7
2002-30,4
2002-31,3
2002-32,1
2002-33,6
2002-34,2
2002-35,4
2002-36,3
2002-37,3
2002-38,11
2002-39,5
2002-40,1
2002-41,2
2002-42,3
2002-43,5
2002-44,7
2002-45,2
2002-46,7
2002-47,1
2002-48,2
2002-49,4
2002-50,3
2002-51,2
2002-52,6
2003-01,6
2003-02,4
2003-03,1
2003-04,4
2003-05,4
2003-07,2
2003-08,3
2003-09,3
2003-10,4
2003-11,2
2003-12,9
2003-13,7
2003-14,3
2003-15,8
2003-16,5
2003-17,8
2003-18,5
2003-19,8
2003-20,2
2003-21,5
2003-22,4
2003-23,7
2003-24,3
2003-25,3
2003-26,5
2003-27,5
2003-28,3
2003-29,7
2003-30,5
2003-31,4
2003-32,2
2003-33,4
2003-34,3
2003-35,4
2003-36,3
2003-37,1
2003-38,4
2003-39,1
2003-40,5
2003-41,5
2003-42,3
2003-43,2
2003-44,5
2003-45,3
2003-46,1
2003-47,2
2003-48,3
2003-49,4
2003-50,3
2003-51,6
2003-52,1
2003-53,4
2004-01,5
2004-02,4
2004-03,7
2004-04,7
2004-05,3
2004-06,2
2004-07,3
2004-08,4
2004-09,5
2004-11,3
2004-12,5
2004-13,6
2004-14,2
2004-15,5
2004-16,5
2004-17,3
2004-18,8
2004-19,4
2004-20,5
2004-21,2
2004-22,3
2004-23,3
2004-24,4
2004-25,6
2004-26,3
2004-27,5
2004-28,7
2004-29,3
2004-30,5
2004-31,8
2004-32,5
2004-33,1
2004-34,5
2004-35,3
2004-36,3
2004-37,4
2004-38,4
2004-39,3
2004-40,3
2004-41,3
2004-42,3
2004-43,3
2004-44,4
2004-45,1
2004-46,2
2004-47,6
2004-48,3
2004-49,3
2004-50,2
2004-51,8
2004-52,3
2005-01,5
2005-02,2
2005-03,3
2005-04,4
2005-05,2
2005-06,3
2005-07,6
2005-08,4
2005-09,8
2005-10,6
2005-11,6
2005-12,6
2005-13,8
2005-14,9
2005-15,9
2005-16,10
2005-17,5
2005-18,6
2005-19,9
2005-20,4
2005-21,7
2005-22,4
2005-23,7
2005-24,6
2005-25,5
2005-26,7
2005-27,2
2005-28,3
2005-29,4
2005-30,5
2005-31,5
2005-32,4
2005-33,3
2005-34,5
2005-35,6
2005-36,8
2005-37,2
2005-38,6
2005-39,2
2005-40,5
2005-41,3
2005-42,1
2005-43,7
2005-44,1
2005-45,3
2005-46,5
2005-47,7
2005-48,3
2005-49,4
2005-50,3
2005-51,8
2005-52,3
2006-01,7
2006-02,2
2006-03,3
2006-04,7
2006-05,14
2006-06,9
2006-07,7
2006-08,10
2006-09,5
2006-10,10
2006-11,4
2006-12,9
2006-13,4
2006-14,11
2006-15,11
2006-16,5
2006-17,8
2006-18,4
2006-19,4
2006-20,5
2006-21,5
2006-22,7
2006-23,3
2006-24,8
2006-25,5
2006-26,4
2006-27,4
2006-28,7
2006-29,7
2006-30,2
2006-31,2
2006-32,6
2006-33,2
2006-34,6
2006-35,4
2006-36,5
2006-37,7
2006-38,5
2006-39,3
2006-40,2
2006-41,1
2006-42,4
2006-43,3
2006-44,4
2006-45,6
2006-46,5
2006-47,3
2006-48,2
2006-49,1
2006-50,2
2006-51,6
2006-52,5
2007-01,3
2007-02,2
2007-03,5
2007-04,4
2007-05,1
2007-06,3
2007-07,3
2007-08,7
2007-09,4
2007-10,8
2007-11,5
2007-12,10
2007-13,6
2007-14,4
2007-16,3
2007-17,2
2007-18,2
2007-19,5
2007-20,4
2007-21,6
2007-22,5
2007-23,4
2007-24,2
2007-25,3
2007-26,4
2007-27,7
2007-28,3
2007-29,1
2007-30,4
2007-31,5
2007-33,2
2007-34,3
2007-35,2
2007-36,2
2007-37,4
2007-38,5
2007-39,3
2007-40,2
2007-41,5
2007-42,2
2007-43,4
2007-44,4
2007-45,3
2007-46,3
2007-47,1
2007-48,3
2007-49,2
2007-50,4
2007-51,5
2007-52,2
2008-01,1
2008-02,2
2008-03,3
2008-04,5
2008-05,9
2008-06,5
2008-07,2
2008-08,3
2008-09,3
2008-10,6
2008-11,2
2008-12,4
2008-13,4
2008-14,5
2008-15,4
2008-16,2
2008-17,7
2008-18,2
2008-19,4
2008-20,3
2008-21,1
2008-22,3
2008-23,1
2008-24,2
2008-25,2
2008-26,3
2008-27,4
2008-28,4
2008-29,4
2008-30,4
2008-32,3
2008-33,4
2008-34,2
2008-35,4
2008-36,3
2008-37,4
2008-38,3
2008-39,3
2008-40,2
2008-41,3
2008-42,6
2008-43,5
2008-44,3
2008-45,2
2008-46,4
2008-47,2
2008-48,2
2008-49,2
2008-50,2
2008-51,5
2008-52,5
2008-53,4
2009-01,5
2009-02,5
2009-03,2
2009-04,5
2009-05,3
2009-06,4
2009-07,4
2009-08,6
2009-09,5
2009-10,5
2009-11,9
2009-12,5
2009-13,3
2009-14,3
2009-15,3
2009-16,6
2009-17,6
2009-18,7
2009-19,8
2009-20,5
2009-21,11
2009-22,9
2009-23,2
2009-24,6
2009-25,6
2009-26,3
2009-27,5
2009-28,6
2009-29,5
2009-30,1
2009-31,2
2009-32,1
2009-33,6
2009-34,3
2009-35,2
2009-36,4
2009-37,4
2009-38,6
2009-39,3
2009-40,3
2009-41,2
2009-42,3
2009-43,4
2009-44,2
2009-45,2
2009-46,1
2009-47,2
2009-48,4
2009-49,3
2009-50,5
2009-51,4
2009-52,8
2010-01,18
2010-02,16
2010-03,16
2010-04,12
2010-05,21
2010-06,25
2010-07,20
2010-08,26
2010-09,22
2010-10,34
2010-11,30
2010-12,23
2010-13,21
2010-14,36
2010-15,18
2010-16,21
2010-17,19
2010-18,30
2010-19,25
2010-20,14
2010-21,15
2010-22,18
2010-23,8
2010-24,4
2010-25,9
2010-26,8
2010-27,4
2010-28,5
2010-29,7
2010-30,2
2010-31,4
2010-32,5
2010-33,6
2010-34,6
2010-35,6
2010-36,2
2010-37,5
2010-38,4
2010-39,5
2010-40,8
2010-41,6
2010-42,7
2010-43,7
2010-44,4
2010-45,6
2010-46,5
2010-47,8
2010-48,4
2010-49,4
2010-50,4
2010-51,4
2010-52,7
2011-01,10
2011-02,5
2011-03,8
2011-04,7
2011-05,11
2011-06,15
2011-07,10
2011-08,16
2011-09,17
2011-10,16
2011-11,17
2011-12,15
2011-13,18
2011-14,18
2011-15,20
2011-16,10
2011-17,13
2011-18,13
2011-19,20
2011-20,12
2011-21,13
2011-22,8
2011-23,13
2011-24,10
2011-25,7
2011-26,7
2011-27,4
2011-28,5
2011-29,5
2011-30,1
2011-31,4
2011-32,3
2011-33,6
2011-34,2
2011-35,5
2011-36,1
2011-37,5
2011-38,4
2011-39,3
2011-40,5
2011-41,2
2011-42,2
2011-43,2
2011-44,5
2011-45,8
2011-46,6
2011-47,7
2011-48,8
2011-49,2
2011-50,2
2011-51,4
2011-52,6
2012-01,4
2012-02,8
2012-03,6
2012-04,5
2012-05,7
2012-06,6
2012-07,16
2012-08,12
2012-09,15
2012-10,12
2012-11,11
2012-12,6
2012-13,8
2012-14,10
2012-15,9
2012-16,6
2012-17,10
2012-18,9
2012-19,11
2012-20,5
2012-21,3
2012-22,4
2012-23,8
2012-24,6
2012-25,4
2012-26,2
2012-27,3
2012-28,5
2012-29,3
2012-30,1
2012-31,3
2012-32,2
2012-33,3
2012-34,3
2012-35,4
2012-36,1
2012-37,4
2012-38,5
2012-39,4
2012-40,3
2012-41,3
2012-42,6
2012-44,5
2012-45,2
2012-46,2
2012-47,4
2012-48,7
2012-49,14
2012-50,12
2012-51,9
2012-52,8
2013-01,32
2013-02,32
2013-03,21
2013-04,29
2013-05,41
2013-06,34
2013-07,30
2013-08,45
2013-09,45
2013-10,42
2013-11,52
2013-12,41
2013-13,42
2013-14,56
2013-15,67
2013-16,74
2013-17,66
2013-18,50
2013-19,58
2013-20,53
2013-21,48
2013-22,36
2013-23,21
2013-24,13
2013-25,10
2013-26,12
2013-27,7
2013-28,9
2013-29,11
2013-30,13
2013-31,7
2013-32,5
2013-33,11
2013-34,6
2013-35,7
2013-36,9
2013-37,4
2013-38,9
2013-39,6
2013-40,7
2013-41,9
2013-42,4
2013-43,8
2013-44,7
2013-45,19
2013-46,22
2013-47,39
2013-48,30
2013-49,77
2013-50,117
2013-51,305
2013-52,1593
2014-01,4600
2014-02,6141
2014-03,6949
2014-04,8347
2014-05,9560
2014-06,10896
2014-07,12921
2014-08,13613
2014-09,12253
2014-10,13497
2014-11,16225
2014-12,20100
2014-13,25034
2014-14,28388
2014-15,34131
2014-16,36497
2014-17,37390
2014-18,33905
2014-19,29574
2014-20,28015
2014-21,22837
2014-22,18593
2014-23,14632
2014-24,11195
2014-25,9230
2014-26,7858
2014-27,6669
2014-28,5902
2014-29,4996
2014-30,4671
2014-31,4066
2014-32,3678
2014-33,3647
2014-34,3610
2014-35,3576
2014-36,3982
2014-37,4398
2014-38,4314
2014-39,4376
2014-40,4735
2014-41,4539
2014-42,4561
2014-43,4445
2014-44,4101
2014-45,4366
2014-46,4429
2014-47,4865
2014-48,4478
2014-49,4850
2014-50,5004
2014-51,4797
2014-52,4489
2014-53,7235
2015-01,11859
2015-02,15635
2015-03,24174
2015-04,30385
2015-05,38711
2015-06,39629
2015-07,47648
2015-08,59588
2015-09,78830
2015-10,91585
2015-11,100394
2015-12,92265
2015-13,86942
2015-14,102986
2015-15,94098
2015-16,93056
2015-17,90764
2015-18,79640
2015-19,64612
2015-20,51151
2015-21,39437
2015-22,31139
2015-23,27149
2015-24,22758
2015-25,15765
2015-26,12422
2015-27,10306
2015-28,9096
2015-29,8543
2015-30,7243
2015-31,6667
2015-32,6563
2015-33,5697
2015-34,4996
2015-35,5088
2015-36,5237
2015-37,5357
2015-38,5116
2015-39,5436
2015-40,5476
2015-41,5544
2015-42,6319
2015-43,6827
2015-44,9248
2015-45,11679
2015-46,13436
2015-47,14486
2015-48,19310
2015-49,22374
2015-50,22537
2015-51,21510
2015-52,29334
2016-01,42717
2016-02,48807
2016-03,55729
2016-04,62335
2016-05,71040
2016-06,84309
2016-07,103944
2016-08,104543
2016-09,101285
2016-10,95249
2016-11,88197
2016-12,78654
2016-13,81888
2016-14,79491
2016-15,71006
2016-16,58680
2016-17,49329
2016-18,36741
2016-19,26815
2016-20,21178
2016-21,14589
2016-22,11814
2016-23,9404
2016-24,7494
2016-25,5928
2016-26,5042
2016-27,4521
2016-28,4074
2016-29,3409
2016-30,3017
2016-31,2785
2016-32,2559
2016-33,2665
2016-34,2317
2016-35,1990
2016-36,1882
2016-37,2042
2016-38,2002
2016-39,1816
2016-40,1851
2016-41,2017
2016-42,2273
2016-43,2196
2016-44,2346
2016-45,2504
2016-46,2861
2016-47,3107
2016-48,3463
2016-49,3561
2016-50,3356
2016-51,3239
2016-52,3427
2016-60,12
2017-01,4986
2017-02,5401
2017-03,6361
2017-04,6973
2017-05,7610
2017-06,7396
2017-07,8203
2017-08,7117
2017-09,7813
2017-10,9039
2017-11,8925
2017-12,9320
2017-13,8861
2017-14,9631
2017-15,9619
2017-16,9708
2017-17,9035
2017-18,8763
2017-19,8423
2017-20,7877
2017-21,6615
2017-22,6631
2017-23,5620
2017-24,4555
2017-25,4080
2017-26,3479
2017-27,2697
2017-28,2446
2017-29,2060
2017-30,1854
2017-31,1972
2017-32,1906
2017-33,1836
2017-34,1717
2017-35,1633
2017-36,1456
2017-37,1742
2017-38,1666
2017-39,1562
2017-40,1717
2017-41,1729
2017-42,2014
2017-43,1627
2017-44,1619
2017-45,1938
2017-46,1995
2017-47,1864
2017-48,1980
2017-49,2162
2017-50,2263
2017-51,2043
2017-52,1997
2018-01,3334
2018-02,4026
2018-03,4786
2018-04,4956
2018-05,5762
2018-06,5214
2018-07,5800
2018-08,6427
2018-09,7568
2018-10,8485
2018-11,8861
2018-12,8852
2018-13,8657
2018-14,11072
2018-15,11793
2018-16,11526
2018-17,9391
2018-18,10618
2018-19,10294
2018-20,8986
2018-21,7058
2018-22,5705
2018-23,5547
2018-24,5320
2018-25,4462
2018-26,3630
2018-27,3578
2018-28,3055
2018-29,3002
2018-30,2552
2018-31,2554
2018-32,2437
2018-33,2246
2018-34,2276
2018-35,1911
2018-36,1663
2018-37,1814
2018-38,1849
2018-39,1850
2018-40,2147
2018-41,2064
2018-42,2411
2018-43,2404
2018-44,2576
2018-45,3060
2018-46,3040
2018-47,3898
2018-48,4412
2018-49,5143
2018-50,6091
2018-51,5481
2018-52,6139
2019-01,9350
2019-02,11731
2019-03,14596
2019-04,19407
2019-05,23888
2019-06,28310
2019-07,32096
2019-08,34504
2019-09,34471
2019-10,38093
2019-11,48463
2019-12,58067
2019-13,65059
2019-14,74571
2019-15,81749
2019-16,84191
2019-17,96150
2019-18,98942
2019-19,103642
2019-20,98216
2019-21,83145
2019-22,68142
2019-23,53075
2019-24,40450
2019-25,30019
2019-26,25878
2019-27,20212
2019-28,15595
2019-29,12305
2019-30,10502
2019-31,9217
2019-32,8049
2019-33,6892
2019-34,6267
2019-35,5678
2019-36,5485
2019-37,5369
2019-38,5148
2019-39,4456
2019-40,4672
2019-41,4538
2019-42,4505
2019-43,4518
2019-44,4762
2019-45,5422
2019-46,5491
2019-47,6260
2019-48,6648
2019-49,7802
2019-50,8527
2019-51,8153
2019-52,8735
2020-01,13007
2020-02,19180
2020-03,25603
2020-04,33456
2020-05,37313
2020-06,48135
2020-07,54691
2020-08,48624
2020-09,52579
2020-10,58859
2020-11,54773
2020-12,41617
2020-13,39256
2020-14,39679
2020-15,40011
2020-16,39292
2020-17,35186
2020-18,32333
2020-19,30233
2020-20,25719
2020-21,20700
2020-22,17021
2020-23,14670
2020-24,12871
2020-25,12421
2020-26,9795
2020-27,9226
2020-28,7867
2020-29,6648
2020-30,5580
2020-31,4656
2020-32,3876
2020-33,3745
2020-34,3051
2020-35,2752
2020-36,2662
2020-37,2555
2020-38,2463
2020-39,2379
2020-40,2273
2020-41,2173
2020-42,2008
2020-43,2086
2020-44,1783
2020-45,2281
2020-46,2317
2020-47,2859
2020-48,2870
2020-49,3208
2020-50,3411
2020-51,3082
2020-52,2388
2020-53,1341
2021-01,5389
2021-02,5872
2021-03,7113
2021-04,7953
2021-05,10101
2021-06,11563
2021-07,13664
2021-08,14324
2021-09,16858
2021-10,17038
2021-11,18658
2021-12,18423
2021-13,23749
2021-14,26862
2021-15,24766
2021-16,26138
2021-17,24452
2021-18,22045
2021-19,20494
2021-20,17429
2021-21,15104
2021-22,14452
2021-23,13329
2021-24,10978
2021-25,9298
2021-26,8511
2021-27,7697
2021-28,6856
2021-29,5947
2021-30,5044
2021-31,4984
2021-32,4303
2021-33,4277
2021-34,3497
2021-35,3227
2021-36,3359
2021-37,3183
2021-38,3075
2021-39,2993
2021-40,2510
2021-41,2606
2021-42,2795
2021-43,2741
2021-44,3175
2021-45,3534
2021-46,4505
2021-47,5374
2021-48,7364
2021-49,9363
2021-50,10610
2021-51,9396
2021-52,5015
2022-01,11566
2022-02,11815
2022-03,12951
2022-04,13688
2022-05,17158
2022-06,18986
2022-07,20774
2022-08,21769
2022-09,34282
2022-10,45152
2022-11,54811
2022-12,70233
2022-13,78799
2022-14,84457
2022-15,91932
2022-16,97385
2022-17,97502
2022-18,103396
2022-19,83969
2022-20,63585
2022-21,44450
2022-22,40005
2022-23,32048
2022-24,24989
2022-25,22015
2022-26,18094
2022-27,15108
2022-28,13293
2022-29,11373
2022-30,10141
2022-31,9621
2022-32,8121
2022-33,7126
2022-34,6211
2022-35,5654
2022-36,5330
2022-37,5166
2022-38,4861
2022-39,4647
2022-40,4772
2022-41,4630
2022-42,4689
2022-43,4245
2022-44,4479
2022-45,5434
2022-46,5875
2022-47,6240
2022-48,6400
2022-49,6806
2022-50,7276
2022-51,6546
2022-52,4022
2023-01,11426
2023-02,12719
2023-03,15716
2023-04,18310
2023-05,24688
2023-06,31042
2023-07,32343
2023-08,36256
2023-09,47755
2023-10,58044
2023-11,66500
2023-12,82166
2023-13,91448
2023-14,91857
2023-15,104499
2023-16,95308
2023-17,81853
2023-18,83025
2023-19,77164
2023-20,64054
2023-21,43773
2023-22,35194
2023-23,26854
2023-24,23295
2023-25,16454
2023-26,12987
2023-27,10936
2023-28,9330
2023-29,7675
2023-30,6288
2023-31,6524
2023-32,5791
2023-33,5633
2023-34,5059
2023-35,4851
2023-36,4387
2023-37,5075
2023-38,5180
2023-39,4845
2023-40,5364
2023-41,4849
2023-42,5950
2023-43,5735
2023-44,6042
2023-45,8380
2023-46,8402
2023-47,11729
2023-48,13035
2023-49,15458
2023-50,20645
2023-51,21411
2023-52,15349
2024-01,49995
2024-02,60208
2024-03,87990
2024-04,125003
2024-05,161553
2024-06,197591
2024-07,243908
2024-08,302575
2024-09,333112
2024-10,355103
2024-11,381854
2024-12,424344
2024-13,368388
2024-14,407439
2024-15,412325
2024-16,377385
2024-17,328441
2024-18,320885
2024-19,320096
2024-20,282832
2024-21,198470
2024-22,125558
2024-23,86044
2024-24,77998
2024-25,62824
2024-26,43141
2024-27,30797
2024-28,21143
2024-29,17112
2024-30,14698
2024-31,13096
2024-32,10831
2024-33,9477
2024-34,8870
2024-35,7496
2024-36,7895
2024-37,7965
2024-38,7505
2024-39,7187
2024-40,6979
2024-41,6679
2024-42,7065
2024-43,7479
2024-44,8162
2024-45,8551
2024-46,9249
2024-47,11501
2024-48,12399
2024-49,14744
2024-50,16852
2024-51,15989
2024-52,9354
2025-01,59032
2025-02,73404
2025-03,85112
2025-04,102413
2025-05,112226
2025-06,115321
2025-07,130845
2025-08,144847
2025-09,143575
2025-10,159621
2025-11,175067
2025-12,181900
2025-13,175684
2025-14,177662
2025-15,164747
2025-16,163076
2025-17,190713
2025-18,162677
2025-19,155443
2025-20,134861
2025-21,115866
2025-22,83583
2025-23,63695
2025-24,45871
2025-25,32693
2025-26,28532
2025-27,23955
2025-28,19981
2025-29,13721
2025-30,8807
2025-31,8257
2025-32,7885
2025-33,7860
2025-34,8483
2025-35,8128
2025-36,8674
2025-37,9379
2025-38,10347
2025-39,10077
2025-40,11211
2025-41,8786
2025-42,7059
2025-43,6857
2025-44,7047
2025-45,7203
2025-46,7757
2025-47,7286
2025-48,7892
2025-49,9000
2025-50,9177
2025-51,9543
2025-52,7920
2025-53,4995
2151-14,1
2160-06,1
2181-11,1
2190-08,2
2191-17,1
2201-16,1
6201-17,1
9204-41,1
