sigla_uf,obitos,pct_mal_definida,obitos_dengue
AC,3827,0.15651946694538804,3
AL,22592,0.07343307365439093,20
AM,19309,0.08120565539385778,10
AP,3736,0.06290149892933619,0
BA,102615,0.12647273790381522,38
CE,64193,0.03131182527689935,23
DF,14519,0.03650389145257938,46
ES,26534,0.011570061053742368,8
GO,45369,0.03656681875289294,219
MA,38942,0.05354116378203482,16
MG,150999,0.07352366571964053,79
MS,19770,0.04339908952959029,18
MT,21624,0.0751479837217906,29
PA,46295,0.07849659790474134,17
PB,31277,0.0712024810563673,17
PE,70248,0.0567133583874274,18
PI,23958,0.04941981801485934,29
PR,88334,0.03834310684447664,115
RJ,147227,0.09492144783225903,22
RN,21859,0.03600347682876618,21
RO,10319,0.07326291307297218,22
RR,3085,0.03889789303079417,2
RS,100943,0.056091061292016284,60
SC,50171,0.031731478344063306,81
SE,15203,0.07814247188054989,15
SP,354646,0.04468963417041218,303
TO,9483,0.03458821048191501,13
